Workbook

Sheet SB
B1: Service Building- Cooling Load Summary
B2: AREA DETAILS | H2: OCCUPANCY | K2: Ashrae Occupancy | O2: INSIDE CONDITIONS | Q2: FRESH AIR | V2: Exhaust Air | Z2: EQUIPMENT LOAD | AD2: LIGHTING | AG2: A.C CAPACITY
A3: Category | B3: # | C3: SPACE NUMBER | D3: SPACE | F3: AREA | G3: TOTAL Area | H3: By Space as per arch Plans | I3: As per Ashrae | J3: TOTAL | K3: Category | L3: Space Usage | M3: Density | N3: TOTAL | O3: TEMP | P3: RH % | Q3: l/s person | R3: l/s / sqm | S3: ACH | T3: L/S | U3: rounded L/S | V3: L/S/Unit | W3: # of Unit | X3: L/S | Y3: Rounded L/S | Z3: W / sqm | AA3: W | AB3: KW | AC3: Total KW | AD3: W/sqm | AE3: KW | AF3: KW | AG3: Total KW | AH3: Sensible KW | AI3: L/S | AJ3: E.D.B | AK3: E.W.B | AL3: L.D.B | AM3: L.W.B | AN3: L/S / sqm | AO3: W / sqm | AP3: COOLING UNIT
A4: Prep and Shrouding area | B4: 1 | C4: SB-001 | D4: Washing and Shrouding Room for Decomposed Corpses | E4: غرفة غسيل وتكفين الوفيات المتحللة | F4: 20 | G4: =F4 -> 20 | H4: 2 | J4: =H4 -> 2 | K4: Public Assembly Space | L4: Lobbies | M4: #N/A | N4: 0 | O4: 22 | P4: 50 | Q4: =VLOOKUP(A4,Data!A:D,4,FALSE) -> 0 | R4: =VLOOKUP(A4,Data!A:C,3,FALSE) -> 0 | S4: 2 | T4: =S4*F4*3/3.6 -> 33.333333 | U4: =CEILING(T4,5) -> 35 | X4: =T4/0.85 -> 39.215686 | Y4: =CEILING(X4,5) -> 40 | Z4: 0 | AA4: 0 | AB4: =(Z4*F4+AA4)/1000 -> 0 | AC4: =AB4 -> 0 | AD4: =VLOOKUP(A4,Data!A:F,6,FALSE) -> 10 | AE4: =AD4*F4/1000 -> 0.2 | AF4: =AE4 -> 0.2 | AI4: 2850 | AJ4: 23.3 | AK4: 16.5 | AL4: 13 | AM4: 12.4 | AN4: =AI4/G4 -> 142.5 | AO4: =AG4/G4*1000 -> 0 | AP4: RTU-01b
A5: Prep and Shrouding area | B5: 2 | C5: SB-002 | D5: Washing and Shrouding Room for Decomposed Corpses | E5: غرفة غسيل وتكفين الوفيات المتحللة | F5: 20 | G5: =F5 -> 20 | H5: 2 | J5: =H5 -> 2 | K5: 0 | L5: 0 | M5: #N/A | N5: =K5 -> 0 | O5: 22 | P5: 51 | Q5: =VLOOKUP(A5,Data!A:D,4,FALSE) -> 0 | R5: =VLOOKUP(A5,Data!A:C,3,FALSE) -> 0 | S5: 2 | T5: =S5*F5*3/3.6 -> 33.333333 | U5: =CEILING(T5,5) -> 35 | X5: =T5/0.85 -> 39.215686 | Y5: =CEILING(X5,5) -> 40 | Z5: 0 | AA5: 2700 | AB5: =(Z5*F5+AA5)/1000 -> 2.7 | AC5: =AB5 -> 2.7 | AD5: =VLOOKUP(A5,Data!A:F,6,FALSE) -> 10 | AE5: =AD5*F5/1000 -> 0.2 | AF5: =AE5 -> 0.2 | AI5: 3900 | AJ5: 23.4 | AK5: 16.7 | AL5: 13 | AM5: 12.4 | AN5: =AI5/G5 -> 195 | AO5: =AG5/G5*1000 -> 0 | AP5: RTU-01c
A6: Prep and Shrouding area | B6: 3 | C6: SB-003 | D6: Mortuary Refrigirator | E6: ثلاجة الموتي | F6: =5*8.7 -> 43.5 | G6: =F6 -> 43.5 | J6: =H6 -> 0 | K6: 0 | L6: 0 | M6: #N/A | N6: =K6 -> 0 | O6: 26 | P6: <60 | Q6: =VLOOKUP(A6,Data!A:D,4,FALSE) -> 0 | R6: =VLOOKUP(A6,Data!A:C,3,FALSE) -> 0 | S6: 2 | T6: =S6*F6*3/3.6 -> 72.5 | U6: =CEILING(T6,5) -> 75 | X6: =T6/0.85 -> 85.294118 | Y6: =CEILING(X6,5) -> 90 | Z6: 50 | AA6: 0 | AB6: =(Z6*F6+AA6)/1000 -> 2.175 | AC6: =AB6 -> 2.175 | AD6: =VLOOKUP(A6,Data!A:F,6,FALSE) -> 10 | AE6: =AD6*F6/1000 -> 0.435 | AF6: =AE6 -> 0.435 | AI6: 103 | AJ6: 24.8 | AK6: 8 | AL6: 12.5 | AM6: 1.7 | AN6: =AI6/G6 -> 2.3678161 | AO6: =AG6/G6*1000 -> 0 | AP6: MSIU-01
A7: mechanical/maintenance room | B7: 4 | C7: SB-004 | D7: Equipment Maintenance Workshop | E7: ورشة صيانة المعدات | F7: =5*8.8 -> 44 | G7: =F7 -> 44 | H7: 2 | J7: =H7 -> 2 | K7: 0 | L7: 0 | M7: #N/A | N7: =K7 -> 0 | O7: 22 | P7: <60 | Q7: =VLOOKUP(A7,Data!A:D,4,FALSE) -> 0 | R7: =VLOOKUP(A7,Data!A:C,3,FALSE) -> 0.3 | T7: =Q7*H7+R7*F7 -> 13.2 | U7: =CEILING(T7,5) -> 15 | X7: =T7*0.85 -> 11.22 | Y7: 10 | Z7: 0 | AA7: 250 | AB7: =(Z7*F7+AA7)/1000 -> 0.25 | AC7: =AB7 -> 0.25 | AD7: =VLOOKUP(A7,Data!A:F,6,FALSE) -> 10 | AE7: =AD7*F7/1000 -> 0.44 | AF7: =AE7 -> 0.44 | AI7: 70 | AJ7: 22.8 | AK7: 16.9 | AL7: 13.6 | AM7: 13.1 | AN7: =AI7/G7 -> 1.5909091 | AO7: =AG7/G7*1000 -> 0 | AP7: VRF-01
A8: Laundry Room | B8: 5 | C8: SB-005 | D8: Sheet Washing Room | E8: غرفة غسيل الشراشف | F8: =4*6 -> 24 | G8: =F8 -> 24 | J8: =H8 -> 0 | K8: 0 | L8: 0 | M8: #N/A | N8: =K8 -> 0 | O8: 22 | P8: <60 | Q8: =VLOOKUP(A8,Data!A:D,4,FALSE) -> 0 | R8: =VLOOKUP(A8,Data!A:C,3,FALSE) -> 0 | T8: =Q8*H8+R8*F8 -> 0 | U8: =CEILING(T8,5) -> 0 | X8: =T8/0.85 -> 0 | Y8: =CEILING(X8,5) -> 0 | Z8: 0 | AA8: 250 | AB8: =(Z8*F8+AA8)/1000 -> 0.25 | AC8: =AB8 -> 0.25 | AD8: =VLOOKUP(A8,Data!A:F,6,FALSE) -> 10 | AE8: =AD8*F8/1000 -> 0.24 | AF8: =AE8 -> 0.24 | AI8: 70 | AJ8: 22.8 | AK8: 16.9 | AL8: 13.6 | AM8: 13.1 | AN8: =AI8/G8 -> 2.9166667 | AO8: =AG8/G8*1000 -> 0 | AP8: VRF-01
A9: bathroom | B9: 7 | C9: SB-006 | D9: Excavator Workers Toilet | E9: دورة مياه عمال الحفر | F9: =5*7.7 -> 38.5 | G9: =F9 -> 38.5 | H9: 6 | J9: =H9 -> 6 | K9: 0 | L9: 0 | M9: #N/A | N9: =K9 -> 0 | O9: 26 | P9: <60 | Q9: =VLOOKUP(A9,Data!A:D,4,FALSE) -> 0 | R9: =VLOOKUP(A9,Data!A:C,3,FALSE) -> 0 | T9: =X9*0.85 -> 127.5 | U9: =CEILING(T9,5) -> 130 | V9: 25 | W9: 6 | X9: =W9*V9 -> 150 | Y9: =CEILING(X9,1) -> 150 | Z9: 50 | AA9: 0 | AB9: =(Z9*F9+AA9)/1000 -> 1.925 | AC9: =AB9 -> 1.925 | AD9: =VLOOKUP(A9,Data!A:F,6,FALSE) -> 10 | AE9: =AD9*F9/1000 -> 0.385 | AF9: =AE9 -> 0.385 | AI9: 19 | AJ9: 24 | AK9: 7.7 | AL9: 11 | AM9: 0.8 | AN9: =AI9/G9 -> 0.49350649 | AO9: =AG9/G9*1000 -> 0 | AP9: MSIU-01
A10: Waiting Area | B10: 8 | C10: SB-007 | D10: Excavator Workers Resting Area | E10: استراحة عمال الحفر | F10: 38.5 | G10: =F10 -> 38.5 | H10: 17 | J10: =H10 -> 17 | K10: 0 | L10: 0 | M10: #N/A | N10: =K10 -> 0 | O10: 22 | P10: <60 | Q10: =VLOOKUP(A10,Data!A:D,4,FALSE) -> 3.8 | R10: =VLOOKUP(A10,Data!A:C,3,FALSE) -> 0.3 | T10: =Q10*H10+R10*F10 -> 76.15 | U10: =CEILING(T10,5) -> 80 | X10: =T10*0.85 -> 64.7275 | Y10: =CEILING(X10,5) -> 65 | Z10: 0 | AA10: 250 | AB10: =(Z10*F10+AA10)/1000 -> 0.25 | AC10: =AB10 -> 0.25 | AD10: =VLOOKUP(A10,Data!A:F,6,FALSE) -> 10 | AE10: =AD10*F10/1000 -> 0.385 | AF10: =AE10 -> 0.385 | AI10: 71 | AJ10: 22.7 | AK10: 16.8 | AL10: 13.3 | AM10: 12.8 | AN10: =AI10/G10 -> 1.8441558 | AO10: =AG10/G10*1000 -> 0 | AP10: VRF-01
A11: Storage | B11: 9 | C11: SB-008 | D11: Main Warehouse for Processing Materials | E11: مستودع رئيسي لمواد التجهيز | F11: 38.5 | G11: =F11 -> 38.5 | J11: =H11 -> 0 | K11: 0 | L11: 0 | M11: #N/A | N11: =K11 -> 0 | O11: 22 | P11: <60 | Q11: =VLOOKUP(A11,Data!A:D,4,FALSE) -> 0 | R11: =VLOOKUP(A11,Data!A:C,3,FALSE) -> 0 | T11: =Q11*H11+R11*F11 -> 0 | U11: =CEILING(T11,5) -> 0 | X11: =T11*0.85 -> 0 | Y11: =CEILING(X11,5) -> 0 | Z11: 0 | AA11: 2000 | AB11: =(Z11*F11+AA11)/1000 -> 2 | AC11: =AB11 -> 2 | AD11: =VLOOKUP(A11,Data!A:F,6,FALSE) -> 10 | AE11: =AD11*F11/1000 -> 0.385 | AF11: =AE11 -> 0.385 | AI11: 216 | AJ11: 22.5 | AK11: 10 | AL11: 13 | AM11: 5.6 | AN11: =AI11/G11 -> 5.6103896 | AO11: =AG11/G11*1000 -> 0 | AP11: VRF-02
A12: Storage | B12: 10 | C12: SB-009 | D12: Al-Baqi' Equipement Warehouse | E12: مخزن معدات البقيع | F12: =6*8 -> 48 | G12: =F12 -> 48 | J12: 0 | K12: 0 | L12: 0 | M12: #N/A | N12: =K12 -> 0 | O12: 22 | P12: <60 | Q12: =VLOOKUP(A12,Data!A:D,4,FALSE) -> 0 | R12: =VLOOKUP(A12,Data!A:C,3,FALSE) -> 0 | T12: =Q12*H12+R12*F12 -> 0 | U12: =CEILING(T12,5) -> 0 | X12: =T12*0.85 -> 0 | Y12: =CEILING(X12,5) -> 0 | Z12: 0 | AA12: 0 | AB12: =(Z12*F12+AA12)/1000 -> 0 | AC12: =AB12 -> 0 | AD12: =VLOOKUP(A12,Data!A:F,6,FALSE) -> 10 | AE12: =AD12*F12/1000 -> 0.48 | AF12: =AE12 -> 0.48 | AI12: 103 | AJ12: 22.7 | AK12: 16.9 | AL12: 13.1 | AM12: 12.5 | AN12: =AI12/G12 -> 2.1458333 | AO12: =AG12/G12*1000 -> 0 | AP12: VRF-02
A13: Storage | B13: 11 | C13: SB-010 | D13: Water Bottle Cooling Room | E13: غرفة تبريد عبوات مياه الشرب | F13: 51 | G13: =F13 -> 51 | J13: =H13 -> 0 | K13: 0 | L13: 0 | M13: #N/A | N13: =K13 -> 0 | O13: 22 | P13: <60 | Q13: =VLOOKUP(A13,Data!A:D,4,FALSE) -> 0 | R13: =VLOOKUP(A13,Data!A:C,3,FALSE) -> 0 | T13: =Q13*H13+R13*F13 -> 0 | U13: =CEILING(T13,5) -> 0 | X13: =T13*0.85 -> 0 | Y13: =CEILING(X13,5) -> 0 | Z13: 0 | AA13: 500 | AB13: =(Z13*F13+AA13)/1000 -> 0.5 | AC13: =AB13 -> 0.5 | AD13: =VLOOKUP(A13,Data!A:F,6,FALSE) -> 10 | AE13: =AD13*F13/1000 -> 0.51 | AF13: =AE13 -> 0.51 | AI13: 69 | AJ13: 22.9 | AK13: 11.8 | AL13: 13.4 | AM13: 7.6 | AN13: =AI13/G13 -> 1.3529412 | AO13: =AG13/G13*1000 -> 0 | AP13: VRF-02
B14: Totals and Averages | G14: =#REF! -> #REF! | H14: =#REF! -> #REF! | K14: =#REF! -> #REF! | O14: - | Q14: =#REF! & " L/S" -> #REF! | Z14: =ROUND(SUM(AC4:AC13),0) & " KW" -> 10 KW | AD14: =ROUND(SUM(AF4:AF13),0) & " KW" -> 4 KW | AG14: =SUM(AG4:AG13) -> 0 | AH14: =SUM(AH4:AH13) -> 0 | AI14: =SUM(AI4:AI13) -> 7471 | AJ14: - | AK14: - | AL14: - | AM14: - | AN14: =AI14/G14 -> #REF! | AO14: =AG14/G14*1000 -> #REF! | AP14: -

Sheet MB
B1: Cemetary Main Building- Cooling Load Summary
B2: AREA DETAILS | I2: OCCUPANCY | L2: Ashrae Occupancy | P2: INSIDE CONDITIONS | R2: FRESH AIR | W2: Transfer | X2: EXHAUST AIR | AB2: Exhaust | AC2: Pressurization | AD2: Space Pressurization | AE2: ACH VALUE | AF2: ACH BETWEEN 03 AND 0..8 | AG2: EQUIPMENT LOAD | AK2: LIGHTING | AN2: A.C CAPACITY
B3: =SUBTOTAL(109,G5:H115) -> 2606.56 | R3: =SUBTOTAL(9,(V5:V115)) -> 1370 | X3: =SUBTOTAL(9,(AB5:AB115)) -> -815
A4: Category | B4: # | D4: SPACE NUMBER | E4: SPACE | G4: AREA | H4: TOTAL Area | I4: By Space as per arch Plans | J4: As per Ashrae | K4: TOTAL | L4: Category | M4: Space Usage | N4: Density | O4: TOTAL | P4: TEMP | Q4: RH % | R4: l/s person | S4: l/s / sqm | T4: ACH | U4: L/S | V4: Rounded L/S | X4: L/S/Unit or meter | Y4: # of Unit | Z4: L/S | AA4: Rounded L/S | AG4: W / sqm | AH4: W | AI4: KW | AJ4: Total KW | AK4: W/sqm | AL4: KW | AM4: KW | AN4: Total KW | AO4: Sensible KW | AP4: Quantity | AQ4: Sensible Cooling Load per FCU | AR4: Selected Sensible Load | AS4: Supply L/S | AT4: Return L/S | AU4: E.D.B | AV4: E.W.B | AW4: L.D.B | AX4: L.W.B | AY4: L/S / sqm | AZ4: Btu/hr/ sqm | BA4: COOLING UNIT | BB4: FCU SELECTION
A5: Storage | B5: 1 | C5: Group 6 | D5: GF-001 | E5: Sub-Store for Supplies | F5: خزن فرعي لمستلزمات التجهيز | G5: 16 | H5: =G5 -> 16 | I5: 1 | K5: =I5 -> 1 | L5: 0 | M5: 0 | N5: =VLOOKUP(A5,Data!A:B,2,FALSE) -> 2 | O5: =L5 -> 0 | P5: 22 | Q5: 50 | R5: =VLOOKUP(A5,Data!A:D,4,FALSE) -> 0 | S5: =VLOOKUP(A5,Data!A:C,3,FALSE) -> 0 | U5: =R5*I5+S5*G5 -> 0 | V5: 11 | Z5: =U5/0.85 -> 0 | AA5: 25 | AB5: -15 | AD5: =IF(V5+W5+AB5 > 0, "Positive", IF(V5-+W5+AB5 < 0, "Negative", "Neutral")) -> Negative | AE5: =ROUND(ABS((V5+AB5+W5+AC5)*3.6)/(G5*3),2) -> 0.3 | AF5: =AND(AE5>=0.3,AE5<=0.8) -> TRUE | AK5: =VLOOKUP(A5,Data!A:F,6,FALSE) -> 10 | AL5: =AK5*G5/1000 -> 0.16 | AM5: =AL5 -> 0.16 | AP5: 1 | AQ5: =AO5/AP5 -> 0 | AR5: 2.3 | AS5: =IF(AR5<=Sheet2!$D$2,Sheet2!$C$2,IF(AR5<=Sheet2!$D$3,Sheet2!$C$3,IF(AR5<=Sheet2!$D$4,Sheet2!$C$4,IF(AR5<=Sheet2!$D$5,Sheet2!$C$5,IF(AR5<=Sheet2!$D$6,Sheet2!$C$6,IF(AR5<=Sheet2!$D$7,Sheet2!$C$7,IF(AR5<=Sheet2!$D$8,Sheet2!$C$8,IF(AR5<=Sheet2!$D$9,Sheet2!$C$9,IF(AR5<=Sheet2!$D$10,Sheet2!$C$10,IF(AR5<=Sheet2!$D$11,Sheet2!$C$11,0)))))))))) -> 158 | AT5: =AS5-V5 -> 147 | AY5: =AS5/H5 -> 9.875 | AZ5: =(AR5/H5*1000)*3.4 -> 488.75 | BA5: VRV-GF-01 | BB5: =IF(AR5<=Sheet2!$D$2,Sheet2!$B$2,IF(AR5<=Sheet2!$D$3,Sheet2!$B$3,IF(AR5<=Sheet2!$D$4,Sheet2!$B$4,IF(AR5<=Sheet2!$D$5,Sheet2!$B$5,IF(AR5<=Sheet2!$D$6,Sheet2!$B$6,IF(AR5<=Sheet2!$D$7,Sheet2!$B$7,IF(AR5<=Sheet2!$D$8,Sheet2!$B$8,IF(AR5<=Sheet2!$D$9,Sheet2!$B$9,IF(AR5<=Sheet2!$D$10,Sheet2!$B$10,IF(AR5<=Sheet2!$D$11,Sheet2!$B$11,0)))))))))) -> FXSQ32A
A6: Trash | B6: 2 | C6: Group 6 | D6: GF-002 | E6: Garbage Room | F6: غرفة نفايات | G6: 12.5 | H6: =G6 -> 12.5 | I6: 1 | K6: =I6 -> 1 | L6: 0 | M6: 0 | N6: =VLOOKUP(A6,Data!A:B,2,FALSE) -> 0 | O6: =L6 -> 0 | P6: 22 | Q6: 51 | R6: =VLOOKUP(A6,Data!A:D,4,FALSE) -> 0 | S6: =VLOOKUP(A6,Data!A:C,3,FALSE) -> 0 | V6: 60 | Z6: =65 -> 65 | AA6: =CEILING(Z6,1) -> 65 | AB6: =(CEILING(AA6,1))*-1 -> -65 | AD6: =IF(V6+W6+AB6 > 0, "Positive", IF(V6-+W6+AB6 < 0, "Negative", "Neutral")) -> Negative | AE6: =ROUND(ABS((V6+AB6+W6+AC6)*3.6)/(G6*3),2) -> 0.48 | AF6: =AND(AE6>=0.3,AE6<=0.8) -> TRUE | AK6: =VLOOKUP(A6,Data!A:F,6,FALSE) -> 0 | AL6: =AK6*G6/1000 -> 0 | AM6: =AL6 -> 0 | AP6: 1 | AQ6: =AO6/AP6 -> 0 | AR6: 1 | AS6: =IF(AR6<=Sheet2!$D$2,Sheet2!$C$2,IF(AR6<=Sheet2!$D$3,Sheet2!$C$3,IF(AR6<=Sheet2!$D$4,Sheet2!$C$4,IF(AR6<=Sheet2!$D$5,Sheet2!$C$5,IF(AR6<=Sheet2!$D$6,Sheet2!$C$6,IF(AR6<=Sheet2!$D$7,Sheet2!$C$7,IF(AR6<=Sheet2!$D$8,Sheet2!$C$8,IF(AR6<=Sheet2!$D$9,Sheet2!$C$9,IF(AR6<=Sheet2!$D$10,Sheet2!$C$10,IF(AR6<=Sheet2!$D$11,Sheet2!$C$11,0)))))))))) -> 150 | AT6: =AS6-V6 -> 90 | AY6: =AS6/H6 -> 12 | AZ6: =(AR6/H6*1000)*3.4 -> 272 | BA6: VRV-GF-01 | BB6: =IF(AR6<=Sheet2!$D$2,Sheet2!$B$2,IF(AR6<=Sheet2!$D$3,Sheet2!$B$3,IF(AR6<=Sheet2!$D$4,Sheet2!$B$4,IF(AR6<=Sheet2!$D$5,Sheet2!$B$5,IF(AR6<=Sheet2!$D$6,Sheet2!$B$6,IF(AR6<=Sheet2!$D$7,Sheet2!$B$7,IF(AR6<=Sheet2!$D$8,Sheet2!$B$8,IF(AR6<=Sheet2!$D$9,Sheet2!$B$9,IF(AR6<=Sheet2!$D$10,Sheet2!$B$10,IF(AR6<=Sheet2!$D$11,Sheet2!$B$11,0)))))))))) -> FXSQ20A
A7: Laundry Room | B7: 3 | C7: Group 6 | D7: GF-003 | E7: Sheet Washing Room | F7: غرفة غسيل الملاءات | G7: 11.2 | H7: =G7 -> 11.2 | I7: 1 | K7: =I7 -> 1 | L7: 0 | M7: 0 | N7: =VLOOKUP(A7,Data!A:B,2,FALSE) -> 0 | O7: =L7 -> 0 | P7: 26 | Q7: <60 | R7: =VLOOKUP(A7,Data!A:D,4,FALSE) -> 0 | S7: =VLOOKUP(A7,Data!A:C,3,FALSE) -> 0 | U7: =R7*I7+S7*G7 -> 0 | V7: 50 | Z7: =U7/0.85 -> 0 | AA7: 55 | AB7: -55 | AD7: =IF(V7+W7+AB7 > 0, "Positive", IF(V7-+W7+AB7 < 0, "Negative", "Neutral")) -> Negative | AE7: =ROUND(ABS((V7+AB7+W7+AC7)*3.6)/(G7*3),2) -> 0.54 | AF7: =AND(AE7>=0.3,AE7<=0.8) -> TRUE | AK7: =VLOOKUP(A7,Data!A:F,6,FALSE) -> 10 | AL7: =AK7*G7/1000 -> 0.112 | AM7: =AL7 -> 0.112 | AP7: 1 | AQ7: =AO7/AP7 -> 0 | AR7: 5.9 | AS7: =IF(AR7<=Sheet2!$D$2,Sheet2!$C$2,IF(AR7<=Sheet2!$D$3,Sheet2!$C$3,IF(AR7<=Sheet2!$D$4,Sheet2!$C$4,IF(AR7<=Sheet2!$D$5,Sheet2!$C$5,IF(AR7<=Sheet2!$D$6,Sheet2!$C$6,IF(AR7<=Sheet2!$D$7,Sheet2!$C$7,IF(AR7<=Sheet2!$D$8,Sheet2!$C$8,IF(AR7<=Sheet2!$D$9,Sheet2!$C$9,IF(AR7<=Sheet2!$D$10,Sheet2!$C$10,IF(AR7<=Sheet2!$D$11,Sheet2!$C$11,0)))))))))) -> 533 | AT7: =AS7-V7 -> 483 | AY7: =AS7/H7 -> 47.589286 | AZ7: =(AR7/H7*1000)*3.4 -> 1791.0714 | BA7: VRV-GF-01 | BB7: =IF(AR7<=Sheet2!$D$2,Sheet2!$B$2,IF(AR7<=Sheet2!$D$3,Sheet2!$B$3,IF(AR7<=Sheet2!$D$4,Sheet2!$B$4,IF(AR7<=Sheet2!$D$5,Sheet2!$B$5,IF(AR7<=Sheet2!$D$6,Sheet2!$B$6,IF(AR7<=Sheet2!$D$7,Sheet2!$B$7,IF(AR7<=Sheet2!$D$8,Sheet2!$B$8,IF(AR7<=Sheet2!$D$9,Sheet2!$B$9,IF(AR7<=Sheet2!$D$10,Sheet2!$B$10,IF(AR7<=Sheet2!$D$11,Sheet2!$B$11,0)))))))))) -> FXSQ100A
A8: Storage | B8: 4 | C8: Group 6 | D8: GF-004 | E8: Cleaning Supplies Storage | F8: مخزن مستلزمات تنظيف | G8: =2.5*2.4 -> 6 | H8: =G8 -> 6 | I8: 1 | K8: =I8 -> 1 | L8: 0 | M8: 0 | N8: =VLOOKUP(A8,Data!A:B,2,FALSE) -> 2 | O8: =L8 -> 0 | P8: 22 | Q8: <60 | R8: =VLOOKUP(A8,Data!A:D,4,FALSE) -> 0 | S8: =VLOOKUP(A8,Data!A:C,3,FALSE) -> 0 | U8: =R8*I8+S8*G8 -> 0 | V8: 12 | Z8: 10 | AA8: 25 | AB8: -15 | AD8: =IF(V8+W8+AB8 > 0, "Positive", IF(V8-+W8+AB8 < 0, "Negative", "Neutral")) -> Negative | AE8: =ROUND(ABS((V8+AB8+W8+AC8)*3.6)/(G8*3),2) -> 0.6 | AF8: =AND(AE8>=0.3,AE8<=0.8) -> TRUE | AK8: =VLOOKUP(A8,Data!A:F,6,FALSE) -> 10 | AL8: =AK8*G8/1000 -> 0.06 | AM8: =AL8 -> 0.06 | AP8: 1 | AQ8: =AO8/AP8 -> 0 | AR8: 0 | AS8: =IF(AR8<=Sheet2!$D$2,Sheet2!$C$2,IF(AR8<=Sheet2!$D$3,Sheet2!$C$3,IF(AR8<=Sheet2!$D$4,Sheet2!$C$4,IF(AR8<=Sheet2!$D$5,Sheet2!$C$5,IF(AR8<=Sheet2!$D$6,Sheet2!$C$6,IF(AR8<=Sheet2!$D$7,Sheet2!$C$7,IF(AR8<=Sheet2!$D$8,Sheet2!$C$8,IF(AR8<=Sheet2!$D$9,Sheet2!$C$9,IF(AR8<=Sheet2!$D$10,Sheet2!$C$10,IF(AR8<=Sheet2!$D$11,Sheet2!$C$11,0)))))))))) -> 150 | AT8: =AS8-V8 -> 138 | AY8: =AS8/H8 -> 25 | AZ8: =(AR8/H8*1000)*3.4 -> 0 | BA8: VRV-GF-01 | BB8: With Corridor GF-016
A9: Storage | B9: 5 | C9: Group 6 | D9: GF-005 | E9: Sanitizing Room | F9: غرفة تعقيم | G9: =2.5*2.4 -> 6 | H9: =G9 -> 6 | I9: 1 | K9: =I9 -> 1 | L9: 0 | M9: 0 | N9: =VLOOKUP(A9,Data!A:B,2,FALSE) -> 2 | O9: =L9 -> 0 | P9: 22 | Q9: <60 | R9: =VLOOKUP(A9,Data!A:D,4,FALSE) -> 0 | S9: =VLOOKUP(A9,Data!A:C,3,FALSE) -> 0 | U9: 10 | V9: 12 | Z9: 0 | AA9: 25 | AB9: -15 | AD9: =IF(V9+W9+AB9 > 0, "Positive", IF(V9-+W9+AB9 < 0, "Negative", "Neutral")) -> Negative | AE9: =ROUND(ABS((V9+AB9+W9+AC9)*3.6)/(G9*3),2) -> 0.6 | AF9: =AND(AE9>=0.3,AE9<=0.8) -> TRUE | AK9: =VLOOKUP(A9,Data!A:F,6,FALSE) -> 10 | AL9: =AK9*G9/1000 -> 0.06 | AM9: =AL9 -> 0.06 | AP9: 1 | AQ9: =AO9/AP9 -> 0 | AR9: 0 | AS9: =IF(AR9<=Sheet2!$D$2,Sheet2!$C$2,IF(AR9<=Sheet2!$D$3,Sheet2!$C$3,IF(AR9<=Sheet2!$D$4,Sheet2!$C$4,IF(AR9<=Sheet2!$D$5,Sheet2!$C$5,IF(AR9<=Sheet2!$D$6,Sheet2!$C$6,IF(AR9<=Sheet2!$D$7,Sheet2!$C$7,IF(AR9<=Sheet2!$D$8,Sheet2!$C$8,IF(AR9<=Sheet2!$D$9,Sheet2!$C$9,IF(AR9<=Sheet2!$D$10,Sheet2!$C$10,IF(AR9<=Sheet2!$D$11,Sheet2!$C$11,0)))))))))) -> 150 | AT9: =AS9-V9 -> 138 | AY9: =AS9/H9 -> 25 | AZ9: =(AR9/H9*1000)*3.4 -> 0 | BA9: VRV-GF-01 | BB9: With Corridor GF-016
A10: Storage | B10: 6 | C10: Group 6 | D10: GF-006 | E10: Preparation Supplies Storage | F10: مخزن مستلزمات اعداد | G10: =2.5*5 -> 12.5 | H10: =G10 -> 12.5 | I10: 1 | K10: =I10 -> 1 | L10: 0 | M10: 0 | N10: =VLOOKUP(A10,Data!A:B,2,FALSE) -> 2 | O10: =L10 -> 0 | P10: 22 | Q10: <60 | R10: =VLOOKUP(A10,Data!A:D,4,FALSE) -> 0 | S10: =VLOOKUP(A10,Data!A:C,3,FALSE) -> 0 | U10: =R10*I10+S10*G10 -> 0 | V10: 10 | Z10: 10 | AA10: 25 | AB10: -15 | AD10: =IF(V10+W10+AB10 > 0, "Positive", IF(V10-+W10+AB10 < 0, "Negative", "Neutral")) -> Negative | AE10: =ROUND(ABS((V10+AB10+W10+AC10)*3.6)/(G10*3),2) -> 0.48 | AF10: =AND(AE10>=0.3,AE10<=0.8) -> TRUE | AK10: =VLOOKUP(A10,Data!A:F,6,FALSE) -> 10 | AL10: =AK10*G10/1000 -> 0.125 | AM10: =AL10 -> 0.125 | AP10: 1 | AQ10: =AO10/AP10 -> 0 | AR10: 0 | AS10: =IF(AR10<=Sheet2!$D$2,Sheet2!$C$2,IF(AR10<=Sheet2!$D$3,Sheet2!$C$3,IF(AR10<=Sheet2!$D$4,Sheet2!$C$4,IF(AR10<=Sheet2!$D$5,Sheet2!$C$5,IF(AR10<=Sheet2!$D$6,Sheet2!$C$6,IF(AR10<=Sheet2!$D$7,Sheet2!$C$7,IF(AR10<=Sheet2!$D$8,Sheet2!$C$8,IF(AR10<=Sheet2!$D$9,Sheet2!$C$9,IF(AR10<=Sheet2!$D$10,Sheet2!$C$10,IF(AR10<=Sheet2!$D$11,Sheet2!$C$11,0)))))))))) -> 150 | AT10: =AS10-V10 -> 140 | AY10: =AS10/H10 -> 12 | AZ10: =(AR10/H10*1000)*3.4 -> 0 | BA10: VRV-GF-01 | BB10: With Corridor GF-016
A11: Prep and Shrouding area | B11: 7 | C11: Group 6 | D11: GF-007 | E11: Women's Viewing Room | F11: غرفة مشاهدة نساء | G11: =4*5 -> 20 | H11: =G11 -> 20 | I11: 12 | K11: =I11 -> 12 | L11: 0 | M11: 0 | N11: =VLOOKUP(A11,Data!A:B,2,FALSE) -> 0 | O11: =L11 -> 0 | P11: 26 | Q11: <60 | R11: =VLOOKUP(A11,Data!A:D,4,FALSE) -> 0 | S11: =VLOOKUP(A11,Data!A:C,3,FALSE) -> 0 | T11: 2 | U11: =T11*G11*3/3.6 -> 33.333333 | V11: =CEILING(U11,5) -> 35 | Z11: =U11/0.85 -> 39.215686 | AA11: 40 | AB11: -40 | AD11: =IF(V11+W11+AB11 > 0, "Positive", IF(V11-+W11+AB11 < 0, "Negative", "Neutral")) -> Negative | AE11: =ROUND(ABS((V11+AB11+W11+AC11)*3.6)/(G11*3),2) -> 0.3 | AF11: =AND(AE11>=0.3,AE11<=0.8) -> TRUE | AK11: =VLOOKUP(A11,Data!A:F,6,FALSE) -> 10 | AL11: =AK11*G11/1000 -> 0.2 | AM11: =AL11 -> 0.2 | AP11: 1 | AQ11: =AO11/AP11 -> 0 | AR11: 1.7 | AS11: =IF(AR11<=Sheet2!$D$2,Sheet2!$C$2,IF(AR11<=Sheet2!$D$3,Sheet2!$C$3,IF(AR11<=Sheet2!$D$4,Sheet2!$C$4,IF(AR11<=Sheet2!$D$5,Sheet2!$C$5,IF(AR11<=Sheet2!$D$6,Sheet2!$C$6,IF(AR11<=Sheet2!$D$7,Sheet2!$C$7,IF(AR11<=Sheet2!$D$8,Sheet2!$C$8,IF(AR11<=Sheet2!$D$9,Sheet2!$C$9,IF(AR11<=Sheet2!$D$10,Sheet2!$C$10,IF(AR11<=Sheet2!$D$11,Sheet2!$C$11,0)))))))))) -> 150 | AT11: =AS11-V11 -> 115 | AY11: =AS11/H11 -> 7.5 | AZ11: =(AR11/H11*1000)*3.4 -> 289 | BA11: VRV-GF-01 | BB11: =IF(AR11<=Sheet2!$D$2,Sheet2!$B$2,IF(AR11<=Sheet2!$D$3,Sheet2!$B$3,IF(AR11<=Sheet2!$D$4,Sheet2!$B$4,IF(AR11<=Sheet2!$D$5,Sheet2!$B$5,IF(AR11<=Sheet2!$D$6,Sheet2!$B$6,IF(AR11<=Sheet2!$D$7,Sheet2!$B$7,IF(AR11<=Sheet2!$D$8,Sheet2!$B$8,IF(AR11<=Sheet2!$D$9,Sheet2!$B$9,IF(AR11<=Sheet2!$D$10,Sheet2!$B$10,IF(AR11<=Sheet2!$D$11,Sheet2!$B$11,0)))))))))) -> FXSQ25A
A12: Prep and Shrouding area | B12: 8 | C12: Group 6 | D12: GF-008 | E12: Women's Viewing Room | F12: غرفة مشاهدة نساء | G12: =4*5 -> 20 | H12: =G12 -> 20 | I12: 12 | K12: =I12 -> 12 | L12: 0 | M12: 0 | N12: =VLOOKUP(A12,Data!A:B,2,FALSE) -> 0 | O12: =L12 -> 0 | P12: 22 | Q12: <60 | R12: =VLOOKUP(A12,Data!A:D,4,FALSE) -> 0 | S12: =VLOOKUP(A12,Data!A:C,3,FALSE) -> 0 | T12: 2 | U12: =T12*G12*3/3.6 -> 33.333333 | V12: =CEILING(U12,5) -> 35 | Z12: =U12/0.85 -> 39.215686 | AA12: 40 | AB12: -40 | AD12: =IF(V12+W12+AB12 > 0, "Positive", IF(V12-+W12+AB12 < 0, "Negative", "Neutral")) -> Negative | AE12: =ROUND(ABS((V12+AB12+W12+AC12)*3.6)/(G12*3),2) -> 0.3 | AF12: =AND(AE12>=0.3,AE12<=0.8) -> TRUE | AK12: =VLOOKUP(A12,Data!A:F,6,FALSE) -> 10 | AL12: =AK12*G12/1000 -> 0.2 | AM12: =AL12 -> 0.2 | AP12: 1 | AQ12: =AO12/AP12 -> 0 | AR12: 1.7 | AS12: =IF(AR12<=Sheet2!$D$2,Sheet2!$C$2,IF(AR12<=Sheet2!$D$3,Sheet2!$C$3,IF(AR12<=Sheet2!$D$4,Sheet2!$C$4,IF(AR12<=Sheet2!$D$5,Sheet2!$C$5,IF(AR12<=Sheet2!$D$6,Sheet2!$C$6,IF(AR12<=Sheet2!$D$7,Sheet2!$C$7,IF(AR12<=Sheet2!$D$8,Sheet2!$C$8,IF(AR12<=Sheet2!$D$9,Sheet2!$C$9,IF(AR12<=Sheet2!$D$10,Sheet2!$C$10,IF(AR12<=Sheet2!$D$11,Sheet2!$C$11,0)))))))))) -> 150 | AT12: =AS12-V12 -> 115 | AY12: =AS12/H12 -> 7.5 | AZ12: =(AR12/H12*1000)*3.4 -> 289 | BA12: VRV-GF-01 | BB12: =IF(AR12<=Sheet2!$D$2,Sheet2!$B$2,IF(AR12<=Sheet2!$D$3,Sheet2!$B$3,IF(AR12<=Sheet2!$D$4,Sheet2!$B$4,IF(AR12<=Sheet2!$D$5,Sheet2!$B$5,IF(AR12<=Sheet2!$D$6,Sheet2!$B$6,IF(AR12<=Sheet2!$D$7,Sheet2!$B$7,IF(AR12<=Sheet2!$D$8,Sheet2!$B$8,IF(AR12<=Sheet2!$D$9,Sheet2!$B$9,IF(AR12<=Sheet2!$D$10,Sheet2!$B$10,IF(AR12<=Sheet2!$D$11,Sheet2!$B$11,0)))))))))) -> FXSQ25A
A13: Prep and Shrouding area | B13: 9 | C13: Group 6 | D13: GF-009 | E13: Women's Viewing Room | F13: غرفة مشاهدة نساء | G13: =4*5 -> 20 | H13: =G13 -> 20 | I13: 12 | K13: =I13 -> 12 | L13: 0 | M13: 0 | N13: =VLOOKUP(A13,Data!A:B,2,FALSE) -> 0 | O13: =L13 -> 0 | P13: 22 | Q13: <60 | R13: =VLOOKUP(A13,Data!A:D,4,FALSE) -> 0 | S13: =VLOOKUP(A13,Data!A:C,3,FALSE) -> 0 | T13: 2 | U13: =T13*G13*3/3.6 -> 33.333333 | V13: =CEILING(U13,5) -> 35 | Z13: =U13/0.85 -> 39.215686 | AA13: 40 | AB13: -40 | AD13: =IF(V13+W13+AB13 > 0, "Positive", IF(V13-+W13+AB13 < 0, "Negative", "Neutral")) -> Negative | AE13: =ROUND(ABS((V13+AB13+W13+AC13)*3.6)/(G13*3),2) -> 0.3 | AF13: =AND(AE13>=0.3,AE13<=0.8) -> TRUE | AK13: =VLOOKUP(A13,Data!A:F,6,FALSE) -> 10 | AL13: =AK13*G13/1000 -> 0.2 | AM13: =AL13 -> 0.2 | AP13: 1 | AQ13: =AO13/AP13 -> 0 | AR13: 1.7 | AS13: =IF(AR13<=Sheet2!$D$2,Sheet2!$C$2,IF(AR13<=Sheet2!$D$3,Sheet2!$C$3,IF(AR13<=Sheet2!$D$4,Sheet2!$C$4,IF(AR13<=Sheet2!$D$5,Sheet2!$C$5,IF(AR13<=Sheet2!$D$6,Sheet2!$C$6,IF(AR13<=Sheet2!$D$7,Sheet2!$C$7,IF(AR13<=Sheet2!$D$8,Sheet2!$C$8,IF(AR13<=Sheet2!$D$9,Sheet2!$C$9,IF(AR13<=Sheet2!$D$10,Sheet2!$C$10,IF(AR13<=Sheet2!$D$11,Sheet2!$C$11,0)))))))))) -> 150 | AT13: =AS13-V13 -> 115 | AY13: =AS13/H13 -> 7.5 | AZ13: =(AR13/H13*1000)*3.4 -> 289 | BA13: VRV-GF-01 | BB13: =IF(AR13<=Sheet2!$D$2,Sheet2!$B$2,IF(AR13<=Sheet2!$D$3,Sheet2!$B$3,IF(AR13<=Sheet2!$D$4,Sheet2!$B$4,IF(AR13<=Sheet2!$D$5,Sheet2!$B$5,IF(AR13<=Sheet2!$D$6,Sheet2!$B$6,IF(AR13<=Sheet2!$D$7,Sheet2!$B$7,IF(AR13<=Sheet2!$D$8,Sheet2!$B$8,IF(AR13<=Sheet2!$D$9,Sheet2!$B$9,IF(AR13<=Sheet2!$D$10,Sheet2!$B$10,IF(AR13<=Sheet2!$D$11,Sheet2!$B$11,0)))))))))) -> FXSQ25A
A14: bathroom | B14: 10 | C14: Group 6 | D14: GF-010 | E14: Women's Rest Room | F14: دورة مياه نساء | G14: =5*4.2 -> 21 | H14: =G14 -> 21 | I14: 4 | K14: 0 | L14: 0 | M14: 0 | N14: =VLOOKUP(A14,Data!A:B,2,FALSE) -> 0 | O14: =L14 -> 0 | P14: 22 | Q14: <60 | R14: =VLOOKUP(A14,Data!A:D,4,FALSE) -> 0 | S14: =VLOOKUP(A14,Data!A:C,3,FALSE) -> 0 | U14: =AA14*0.85 -> 106.25 | V14: 0 | W14: 115 | X14: 25 | Y14: 5 | Z14: =Y14*X14 -> 125 | AA14: 125 | AB14: -125 | AD14: =IF(V14+W14+AB14 > 0, "Positive", IF(V14-+W14+AB14 < 0, "Negative", "Neutral")) -> Negative | AE14: =ROUND(ABS((V14+AB14+W14+AC14)*3.6)/(G14*3),2) -> 0.57 | AF14: =AND(AE14>=0.3,AE14<=0.8) -> TRUE | AK14: =VLOOKUP(A14,Data!A:F,6,FALSE) -> 10 | AL14: =AK14*G14/1000 -> 0.21 | AM14: =AL14 -> 0.21 | AP14: 1 | AQ14: =AO14/AP14 -> 0 | AR14: 2.8 | AS14: =IF(AR14<=Sheet2!$D$2,Sheet2!$C$2,IF(AR14<=Sheet2!$D$3,Sheet2!$C$3,IF(AR14<=Sheet2!$D$4,Sheet2!$C$4,IF(AR14<=Sheet2!$D$5,Sheet2!$C$5,IF(AR14<=Sheet2!$D$6,Sheet2!$C$6,IF(AR14<=Sheet2!$D$7,Sheet2!$C$7,IF(AR14<=Sheet2!$D$8,Sheet2!$C$8,IF(AR14<=Sheet2!$D$9,Sheet2!$C$9,IF(AR14<=Sheet2!$D$10,Sheet2!$C$10,IF(AR14<=Sheet2!$D$11,Sheet2!$C$11,0)))))))))) -> 250 | AT14: =AS14-V14 -> 250 | AY14: =AS14/H14 -> 11.904762 | AZ14: =(AR14/H14*1000)*3.4 -> 453.33333 | BA14: VRV-GF-01 | BB14: with GF-016 Waiting Room
A15: Storage | B15: 11 | C15: Group 6 | D15: GF-011 | E15: Cold Room | F15: غرفة تبريد | G15: =5*5.4 -> 27 | H15: =G15 -> 27 | I15: 1 | K15: =I15 -> 1 | L15: 0 | M15: 0 | N15: =VLOOKUP(A15,Data!A:B,2,FALSE) -> 2 | O15: =L15 -> 0 | P15: 22 | Q15: <60 | R15: =VLOOKUP(A15,Data!A:D,4,FALSE) -> 0 | S15: =VLOOKUP(A15,Data!A:C,3,FALSE) -> 0 | T15: 2 | U15: =T15*G15*3/3.6 -> 45 | V15: 45 | Z15: =U15/0.85 -> 52.941176 | AA15: 55 | AB15: -55 | AD15: =IF(V15+W15+AB15 > 0, "Positive", IF(V15-+W15+AB15 < 0, "Negative", "Neutral")) -> Negative | AE15: =ROUND(ABS((V15+AB15+W15+AC15)*3.6)/(G15*3),2) -> 0.44 | AF15: =AND(AE15>=0.3,AE15<=0.8) -> TRUE | AK15: =VLOOKUP(A15,Data!A:F,6,FALSE) -> 10 | AL15: =AK15*G15/1000 -> 0.27 | AM15: =AL15 -> 0.27 | AP15: 1 | AQ15: =AO15/AP15 -> 0 | AR15: 1.9 | AS15: =IF(AR15<=Sheet2!$D$2,Sheet2!$C$2,IF(AR15<=Sheet2!$D$3,Sheet2!$C$3,IF(AR15<=Sheet2!$D$4,Sheet2!$C$4,IF(AR15<=Sheet2!$D$5,Sheet2!$C$5,IF(AR15<=Sheet2!$D$6,Sheet2!$C$6,IF(AR15<=Sheet2!$D$7,Sheet2!$C$7,IF(AR15<=Sheet2!$D$8,Sheet2!$C$8,IF(AR15<=Sheet2!$D$9,Sheet2!$C$9,IF(AR15<=Sheet2!$D$10,Sheet2!$C$10,IF(AR15<=Sheet2!$D$11,Sheet2!$C$11,0)))))))))) -> 158 | AT15: =AS15-V15 -> 113 | AY15: =AS15/H15 -> 5.8518519 | AZ15: =(AR15/H15*1000)*3.4 -> 239.25926 | BA15: VRV-GF-01 | BB15: =IF(AR15<=Sheet2!$D$2,Sheet2!$B$2,IF(AR15<=Sheet2!$D$3,Sheet2!$B$3,IF(AR15<=Sheet2!$D$4,Sheet2!$B$4,IF(AR15<=Sheet2!$D$5,Sheet2!$B$5,IF(AR15<=Sheet2!$D$6,Sheet2!$B$6,IF(AR15<=Sheet2!$D$7,Sheet2!$B$7,IF(AR15<=Sheet2!$D$8,Sheet2!$B$8,IF(AR15<=Sheet2!$D$9,Sheet2!$B$9,IF(AR15<=Sheet2!$D$10,Sheet2!$B$10,IF(AR15<=Sheet2!$D$11,Sheet2!$B$11,0)))))))))) -> FXSQ32A
A16: Prep and Shrouding area | B16: 12 | C16: Group 6 | D16: GF-012 | E16: Preparation and Shrouding Room | F16: غرفة تجهيز وتكفين | G16: =5*4 -> 20 | H16: =G16 -> 20 | I16: 2 | K16: =I16 -> 2 | L16: 0 | M16: 0 | N16: =VLOOKUP(A16,Data!A:B,2,FALSE) -> 0 | O16: =L16 -> 0 | P16: 22 | Q16: <60 | R16: =VLOOKUP(A16,Data!A:D,4,FALSE) -> 0 | S16: =VLOOKUP(A16,Data!A:C,3,FALSE) -> 0 | T16: 2 | U16: =T16*G16*3/3.6 -> 33.333333 | V16: =CEILING(U16,5) -> 35 | Z16: =U16/0.85 -> 39.215686 | AA16: =CEILING(Z16,1) -> 40 | AB16: =(CEILING(AA16,1))*-1 -> -40 | AD16: =IF(V16+W16+AB16 > 0, "Positive", IF(V16-+W16+AB16 < 0, "Negative", "Neutral")) -> Negative | AE16: =ROUND(ABS((V16+AB16+W16+AC16)*3.6)/(G16*3),2) -> 0.3 | AF16: =AND(AE16>=0.3,AE16<=0.8) -> TRUE | AK16: =VLOOKUP(A16,Data!A:F,6,FALSE) -> 10 | AL16: =AK16*G16/1000 -> 0.2 | AM16: =AL16 -> 0.2 | AP16: 1 | AQ16: =AO16/AP16 -> 0 | AR16: 2.4 | AS16: =IF(AR16<=Sheet2!$D$2,Sheet2!$C$2,IF(AR16<=Sheet2!$D$3,Sheet2!$C$3,IF(AR16<=Sheet2!$D$4,Sheet2!$C$4,IF(AR16<=Sheet2!$D$5,Sheet2!$C$5,IF(AR16<=Sheet2!$D$6,Sheet2!$C$6,IF(AR16<=Sheet2!$D$7,Sheet2!$C$7,IF(AR16<=Sheet2!$D$8,Sheet2!$C$8,IF(AR16<=Sheet2!$D$9,Sheet2!$C$9,IF(AR16<=Sheet2!$D$10,Sheet2!$C$10,IF(AR16<=Sheet2!$D$11,Sheet2!$C$11,0)))))))))) -> 158 | AT16: =AS16-V16 -> 123 | AY16: =AS16/H16 -> 7.9 | AZ16: =(AR16/H16*1000)*3.4 -> 408 | BA16: VRV-GF-01 | BB16: =IF(AR16<=Sheet2!$D$2,Sheet2!$B$2,IF(AR16<=Sheet2!$D$3,Sheet2!$B$3,IF(AR16<=Sheet2!$D$4,Sheet2!$B$4,IF(AR16<=Sheet2!$D$5,Sheet2!$B$5,IF(AR16<=Sheet2!$D$6,Sheet2!$B$6,IF(AR16<=Sheet2!$D$7,Sheet2!$B$7,IF(AR16<=Sheet2!$D$8,Sheet2!$B$8,IF(AR16<=Sheet2!$D$9,Sheet2!$B$9,IF(AR16<=Sheet2!$D$10,Sheet2!$B$10,IF(AR16<=Sheet2!$D$11,Sheet2!$B$11,0)))))))))) -> FXSQ32A
A17: Prep and Shrouding area | B17: 13 | C17: Group 6 | D17: GF-013 | E17: Preparation and Shrouding Room | F17: غرفة تجهيز وتكفين | G17: =5*4 -> 20 | H17: =G17 -> 20 | I17: 2 | K17: =I17 -> 2 | L17: 0 | M17: 0 | N17: =VLOOKUP(A17,Data!A:B,2,FALSE) -> 0 | O17: =L17 -> 0 | P17: 22 | Q17: <60 | R17: =VLOOKUP(A17,Data!A:D,4,FALSE) -> 0 | S17: =VLOOKUP(A17,Data!A:C,3,FALSE) -> 0 | T17: 2 | U17: =T17*G17*3/3.6 -> 33.333333 | V17: =CEILING(U17,5) -> 35 | Z17: =U17/0.85 -> 39.215686 | AA17: =CEILING(Z17,1) -> 40 | AB17: =(CEILING(AA17,1))*-1 -> -40 | AD17: =IF(V17+W17+AB17 > 0, "Positive", IF(V17-+W17+AB17 < 0, "Negative", "Neutral")) -> Negative | AE17: =ROUND(ABS((V17+AB17+W17+AC17)*3.6)/(G17*3),2) -> 0.3 | AF17: =AND(AE17>=0.3,AE17<=0.8) -> TRUE | AK17: =VLOOKUP(A17,Data!A:F,6,FALSE) -> 10 | AL17: =AK17*G17/1000 -> 0.2 | AM17: =AL17 -> 0.2 | AP17: 1 | AQ17: =AO17/AP17 -> 0 | AR17: 2.4 | AS17: =IF(AR17<=Sheet2!$D$2,Sheet2!$C$2,IF(AR17<=Sheet2!$D$3,Sheet2!$C$3,IF(AR17<=Sheet2!$D$4,Sheet2!$C$4,IF(AR17<=Sheet2!$D$5,Sheet2!$C$5,IF(AR17<=Sheet2!$D$6,Sheet2!$C$6,IF(AR17<=Sheet2!$D$7,Sheet2!$C$7,IF(AR17<=Sheet2!$D$8,Sheet2!$C$8,IF(AR17<=Sheet2!$D$9,Sheet2!$C$9,IF(AR17<=Sheet2!$D$10,Sheet2!$C$10,IF(AR17<=Sheet2!$D$11,Sheet2!$C$11,0)))))))))) -> 158 | AT17: =AS17-V17 -> 123 | AY17: =AS17/H17 -> 7.9 | AZ17: =(AR17/H17*1000)*3.4 -> 408 | BA17: VRV-GF-01 | BB17: =IF(AR17<=Sheet2!$D$2,Sheet2!$B$2,IF(AR17<=Sheet2!$D$3,Sheet2!$B$3,IF(AR17<=Sheet2!$D$4,Sheet2!$B$4,IF(AR17<=Sheet2!$D$5,Sheet2!$B$5,IF(AR17<=Sheet2!$D$6,Sheet2!$B$6,IF(AR17<=Sheet2!$D$7,Sheet2!$B$7,IF(AR17<=Sheet2!$D$8,Sheet2!$B$8,IF(AR17<=Sheet2!$D$9,Sheet2!$B$9,IF(AR17<=Sheet2!$D$10,Sheet2!$B$10,IF(AR17<=Sheet2!$D$11,Sheet2!$B$11,0)))))))))) -> FXSQ32A
A18: Prep and Shrouding area | B18: 14 | C18: Group 6 | D18: GF-014 | E18: Preparation and Shrouding Room | F18: غرفة تجهيز وتكفين | G18: =5*4 -> 20 | H18: =G18 -> 20 | I18: 2 | K18: =I18 -> 2 | L18: 0 | M18: 0 | N18: =VLOOKUP(A18,Data!A:B,2,FALSE) -> 0 | O18: =L18 -> 0 | P18: 22 | Q18: <60 | R18: =VLOOKUP(A18,Data!A:D,4,FALSE) -> 0 | S18: =VLOOKUP(A18,Data!A:C,3,FALSE) -> 0 | T18: 2 | U18: =T18*G18*3/3.6 -> 33.333333 | V18: =CEILING(U18,5) -> 35 | Z18: =U18/0.85 -> 39.215686 | AA18: =CEILING(Z18,1) -> 40 | AB18: =(CEILING(AA18,1))*-1 -> -40 | AD18: =IF(V18+W18+AB18 > 0, "Positive", IF(V18-+W18+AB18 < 0, "Negative", "Neutral")) -> Negative | AE18: =ROUND(ABS((V18+AB18+W18+AC18)*3.6)/(G18*3),2) -> 0.3 | AF18: =AND(AE18>=0.3,AE18<=0.8) -> TRUE | AK18: =VLOOKUP(A18,Data!A:F,6,FALSE) -> 10 | AL18: =AK18*G18/1000 -> 0.2 | AM18: =AL18 -> 0.2 | AP18: 1 | AQ18: =AO18/AP18 -> 0 | AR18: 2.4 | AS18: =IF(AR18<=Sheet2!$D$2,Sheet2!$C$2,IF(AR18<=Sheet2!$D$3,Sheet2!$C$3,IF(AR18<=Sheet2!$D$4,Sheet2!$C$4,IF(AR18<=Sheet2!$D$5,Sheet2!$C$5,IF(AR18<=Sheet2!$D$6,Sheet2!$C$6,IF(AR18<=Sheet2!$D$7,Sheet2!$C$7,IF(AR18<=Sheet2!$D$8,Sheet2!$C$8,IF(AR18<=Sheet2!$D$9,Sheet2!$C$9,IF(AR18<=Sheet2!$D$10,Sheet2!$C$10,IF(AR18<=Sheet2!$D$11,Sheet2!$C$11,0)))))))))) -> 158 | AT18: =AS18-V18 -> 123 | AY18: =AS18/H18 -> 7.9 | AZ18: =(AR18/H18*1000)*3.4 -> 408 | BA18: VRV-GF-01 | BB18: =IF(AR18<=Sheet2!$D$2,Sheet2!$B$2,IF(AR18<=Sheet2!$D$3,Sheet2!$B$3,IF(AR18<=Sheet2!$D$4,Sheet2!$B$4,IF(AR18<=Sheet2!$D$5,Sheet2!$B$5,IF(AR18<=Sheet2!$D$6,Sheet2!$B$6,IF(AR18<=Sheet2!$D$7,Sheet2!$B$7,IF(AR18<=Sheet2!$D$8,Sheet2!$B$8,IF(AR18<=Sheet2!$D$9,Sheet2!$B$9,IF(AR18<=Sheet2!$D$10,Sheet2!$B$10,IF(AR18<=Sheet2!$D$11,Sheet2!$B$11,0)))))))))) -> FXSQ32A
A19: Prep and Shrouding area | B19: 15 | C19: Group 6 | D19: GF-015 | E19: Preparation and Shrouding Room | F19: غرفة تجهيز وتكفين | G19: =5*4 -> 20 | H19: =G19 -> 20 | I19: 2 | K19: =I19 -> 2 | L19: 0 | M19: 0 | N19: =VLOOKUP(A19,Data!A:B,2,FALSE) -> 0 | O19: =L19 -> 0 | P19: 22 | Q19: <60 | R19: =VLOOKUP(A19,Data!A:D,4,FALSE) -> 0 | S19: =VLOOKUP(A19,Data!A:C,3,FALSE) -> 0 | T19: 2 | U19: =T19*G19*3/3.6 -> 33.333333 | V19: =CEILING(U19,5) -> 35 | Z19: =U19/0.85 -> 39.215686 | AA19: =CEILING(Z19,1) -> 40 | AB19: =(CEILING(AA19,1))*-1 -> -40 | AD19: =IF(V19+W19+AB19 > 0, "Positive", IF(V19-+W19+AB19 < 0, "Negative", "Neutral")) -> Negative | AE19: =ROUND(ABS((V19+AB19+W19+AC19)*3.6)/(G19*3),2) -> 0.3 | AF19: =AND(AE19>=0.3,AE19<=0.8) -> TRUE | AK19: =VLOOKUP(A19,Data!A:F,6,FALSE) -> 10 | AL19: =AK19*G19/1000 -> 0.2 | AM19: =AL19 -> 0.2 | AP19: 1 | AQ19: =AO19/AP19 -> 0 | AR19: 2.4 | AS19: =IF(AR19<=Sheet2!$D$2,Sheet2!$C$2,IF(AR19<=Sheet2!$D$3,Sheet2!$C$3,IF(AR19<=Sheet2!$D$4,Sheet2!$C$4,IF(AR19<=Sheet2!$D$5,Sheet2!$C$5,IF(AR19<=Sheet2!$D$6,Sheet2!$C$6,IF(AR19<=Sheet2!$D$7,Sheet2!$C$7,IF(AR19<=Sheet2!$D$8,Sheet2!$C$8,IF(AR19<=Sheet2!$D$9,Sheet2!$C$9,IF(AR19<=Sheet2!$D$10,Sheet2!$C$10,IF(AR19<=Sheet2!$D$11,Sheet2!$C$11,0)))))))))) -> 158 | AT19: =AS19-V19 -> 123 | AY19: =AS19/H19 -> 7.9 | AZ19: =(AR19/H19*1000)*3.4 -> 408 | BA19: VRV-GF-01 | BB19: =IF(AR19<=Sheet2!$D$2,Sheet2!$B$2,IF(AR19<=Sheet2!$D$3,Sheet2!$B$3,IF(AR19<=Sheet2!$D$4,Sheet2!$B$4,IF(AR19<=Sheet2!$D$5,Sheet2!$B$5,IF(AR19<=Sheet2!$D$6,Sheet2!$B$6,IF(AR19<=Sheet2!$D$7,Sheet2!$B$7,IF(AR19<=Sheet2!$D$8,Sheet2!$B$8,IF(AR19<=Sheet2!$D$9,Sheet2!$B$9,IF(AR19<=Sheet2!$D$10,Sheet2!$B$10,IF(AR19<=Sheet2!$D$11,Sheet2!$B$11,0)))))))))) -> FXSQ32A
A20: Waiting Area | B20: 16 | C20: Group 6 | D20: GF-016 | E20: Waiting Room | F20: صالة انتظار | G20: 98 | H20: =G20 -> 98 | I20: 9 | K20: =I20 -> 9 | L20: 0 | M20: 0 | N20: =VLOOKUP(A20,Data!A:B,2,FALSE) -> 50 | O20: =L20 -> 0 | P20: 22 | Q20: <60 | R20: =VLOOKUP(A20,Data!A:D,4,FALSE) -> 3.8 | S20: =VLOOKUP(A20,Data!A:C,3,FALSE) -> 0.3 | U20: =R20*I20+S20*G20 -> 63.6 | V20: 200 | W20: -115 | Z20: =0.85*V20 -> 170 | AB20: 0 | AD20: =IF(V20+W20+AB20 > 0, "Positive", IF(V20-+W20+AB20 < 0, "Negative", "Neutral")) -> Positive | AE20: =ROUND(ABS((V20+AB20+W20+AC20)*3.6)/(G20*3),2) -> 1.04 | AF20: =AND(AE20>=0.3,AE20<=0.8) -> FALSE | AK20: =VLOOKUP(A20,Data!A:F,6,FALSE) -> 10 | AL20: =AK20*G20/1000 -> 0.98 | AM20: =AL20 -> 0.98 | AP20: 2 | AQ20: =AO20/AP20 -> 0 | AR20: 3.9 | AS20: =IF(AR20<=Sheet2!$D$2,Sheet2!$C$2,IF(AR20<=Sheet2!$D$3,Sheet2!$C$3,IF(AR20<=Sheet2!$D$4,Sheet2!$C$4,IF(AR20<=Sheet2!$D$5,Sheet2!$C$5,IF(AR20<=Sheet2!$D$6,Sheet2!$C$6,IF(AR20<=Sheet2!$D$7,Sheet2!$C$7,IF(AR20<=Sheet2!$D$8,Sheet2!$C$8,IF(AR20<=Sheet2!$D$9,Sheet2!$C$9,IF(AR20<=Sheet2!$D$10,Sheet2!$C$10,IF(AR20<=Sheet2!$D$11,Sheet2!$C$11,0)))))))))) -> 350 | AT20: =AS20-V20 -> 150 | AY20: =AS20/H20 -> 3.5714286 | AZ20: =(AR20/H20*1000)*3.4 -> 135.30612 | BA20: VRV-GF-Common Areas | BB20: =IF(AR20<=Sheet2!$D$2,Sheet2!$B$2,IF(AR20<=Sheet2!$D$3,Sheet2!$B$3,IF(AR20<=Sheet2!$D$4,Sheet2!$B$4,IF(AR20<=Sheet2!$D$5,Sheet2!$B$5,IF(AR20<=Sheet2!$D$6,Sheet2!$B$6,IF(AR20<=Sheet2!$D$7,Sheet2!$B$7,IF(AR20<=Sheet2!$D$8,Sheet2!$B$8,IF(AR20<=Sheet2!$D$9,Sheet2!$B$9,IF(AR20<=Sheet2!$D$10,Sheet2!$B$10,IF(AR20<=Sheet2!$D$11,Sheet2!$B$11,0)))))))))) -> FXSQ63A
A21: Office | B21: 17 | C21: Group 10 | D21: GF-017 | E21: First Aid Medical Care Room | F21: غرفة رعاية طبية اسعافات اولية | G21: =4*3 -> 12 | H21: =G21 -> 12 | I21: 2 | K21: =I21 -> 2 | L21: 0 | M21: 0 | N21: =VLOOKUP(A21,Data!A:B,2,FALSE) -> 5 | O21: =L21 -> 0 | P21: 22 | Q21: <60 | R21: =VLOOKUP(A21,Data!A:D,4,FALSE) -> 2.5 | S21: =VLOOKUP(A21,Data!A:C,3,FALSE) -> 0.3 | U21: =R21*I21+S21*G21 -> 8.6 | V21: 30 | Z21: =0.85*V21 -> 25.5 | AA21: =CEILING(Z21,1) -> 26 | AC21: -25 | AD21: =IF(V21+W21+AB21 > 0, "Positive", IF(V21-+W21+AB21 < 0, "Negative", "Neutral")) -> Positive | AE21: =ROUND(ABS((V21+AB21+W21+AC21)*3.6)/(G21*3),2) -> 0.5 | AF21: =AND(AE21>=0.3,AE21<=0.8) -> TRUE | AK21: =VLOOKUP(A21,Data!A:F,6,FALSE) -> 10 | AL21: =AK21*G21/1000 -> 0.12 | AM21: =AL21 -> 0.12 | AP21: 1 | AQ21: =AO21/AP21 -> 0 | AR21: 2.1 | AS21: =IF(AR21<=Sheet2!$D$2,Sheet2!$C$2,IF(AR21<=Sheet2!$D$3,Sheet2!$C$3,IF(AR21<=Sheet2!$D$4,Sheet2!$C$4,IF(AR21<=Sheet2!$D$5,Sheet2!$C$5,IF(AR21<=Sheet2!$D$6,Sheet2!$C$6,IF(AR21<=Sheet2!$D$7,Sheet2!$C$7,IF(AR21<=Sheet2!$D$8,Sheet2!$C$8,IF(AR21<=Sheet2!$D$9,Sheet2!$C$9,IF(AR21<=Sheet2!$D$10,Sheet2!$C$10,IF(AR21<=Sheet2!$D$11,Sheet2!$C$11,0)))))))))) -> 158 | AT21: =AS21-V21 -> 128 | AY21: =AS21/H21 -> 13.166667 | AZ21: =(AR21/H21*1000)*3.4 -> 595 | BA21: VRV-GF-01 | BB21: =IF(AR21<=Sheet2!$D$2,Sheet2!$B$2,IF(AR21<=Sheet2!$D$3,Sheet2!$B$3,IF(AR21<=Sheet2!$D$4,Sheet2!$B$4,IF(AR21<=Sheet2!$D$5,Sheet2!$B$5,IF(AR21<=Sheet2!$D$6,Sheet2!$B$6,IF(AR21<=Sheet2!$D$7,Sheet2!$B$7,IF(AR21<=Sheet2!$D$8,Sheet2!$B$8,IF(AR21<=Sheet2!$D$9,Sheet2!$B$9,IF(AR21<=Sheet2!$D$10,Sheet2!$B$10,IF(AR21<=Sheet2!$D$11,Sheet2!$B$11,0)))))))))) -> FXSQ32A
A22: Reception | B22: 18 | C22: Group 10 | D22: GF-018 | E22: Reception | F22: مكتب استقبال | G22: =13.6*16.4-124 -> 99.04 | H22: =G22 -> 99.04 | I22: 30 | K22: =I22 -> 30 | L22: 0 | M22: 0 | N22: =VLOOKUP(A22,Data!A:B,2,FALSE) -> 30 | O22: =L22 -> 0 | P22: 22 | Q22: <60 | R22: =VLOOKUP(A22,Data!A:D,4,FALSE) -> 2.5 | S22: =VLOOKUP(A22,Data!A:C,3,FALSE) -> 0.3 | U22: =R22*I22+S22*G22 -> 104.712 | V22: =CEILING(U22,5) -> 105 | Z22: =0.85*V22 -> 89.25 | AA22: =CEILING(Z22,1) -> 90 | AC22: -70 | AD22: =IF(V22+W22+AB22 > 0, "Positive", IF(V22-+W22+AB22 < 0, "Negative", "Neutral")) -> Positive | AE22: =ROUND(ABS((V22+AB22+W22+AC22)*3.6)/(G22*3),2) -> 0.42 | AF22: =AND(AE22>=0.3,AE22<=0.8) -> TRUE | AK22: =VLOOKUP(A22,Data!A:F,6,FALSE) -> 10 | AL22: =AK22*G22/1000 -> 0.9904 | AM22: =AL22 -> 0.9904 | AP22: 1 | AQ22: =AO22/AP22 -> 0 | AR22: 6.8 | AS22: =IF(AR22<=Sheet2!$D$2,Sheet2!$C$2,IF(AR22<=Sheet2!$D$3,Sheet2!$C$3,IF(AR22<=Sheet2!$D$4,Sheet2!$C$4,IF(AR22<=Sheet2!$D$5,Sheet2!$C$5,IF(AR22<=Sheet2!$D$6,Sheet2!$C$6,IF(AR22<=Sheet2!$D$7,Sheet2!$C$7,IF(AR22<=Sheet2!$D$8,Sheet2!$C$8,IF(AR22<=Sheet2!$D$9,Sheet2!$C$9,IF(AR22<=Sheet2!$D$10,Sheet2!$C$10,IF(AR22<=Sheet2!$D$11,Sheet2!$C$11,0)))))))))) -> 533 | AT22: =AS22-V22 -> 428 | AY22: =AS22/H22 -> 5.381664 | AZ22: =(AR22/H22*1000)*3.4 -> 233.44103 | BA22: VRV-GF-Common Areas | BB22: =IF(AR22<=Sheet2!$D$2,Sheet2!$B$2,IF(AR22<=Sheet2!$D$3,Sheet2!$B$3,IF(AR22<=Sheet2!$D$4,Sheet2!$B$4,IF(AR22<=Sheet2!$D$5,Sheet2!$B$5,IF(AR22<=Sheet2!$D$6,Sheet2!$B$6,IF(AR22<=Sheet2!$D$7,Sheet2!$B$7,IF(AR22<=Sheet2!$D$8,Sheet2!$B$8,IF(AR22<=Sheet2!$D$9,Sheet2!$B$9,IF(AR22<=Sheet2!$D$10,Sheet2!$B$10,IF(AR22<=Sheet2!$D$11,Sheet2!$B$11,0)))))))))) -> FXSQ100A
A23: Waiting Area | B23: 19 | C23: Group 10 | D23: GF-018-A | E23: Family Waiting Room | F23: صالة انتظار عائلية | G23: =4*7.9 -> 31.6 | H23: =G23 -> 31.6 | I23: 10 | K23: =I23 -> 10 | L23: 0 | M23: 0 | N23: =VLOOKUP(A23,Data!A:B,2,FALSE) -> 50 | O23: =L23 -> 0 | P23: 22 | Q23: <60 | R23: =VLOOKUP(A23,Data!A:D,4,FALSE) -> 3.8 | S23: =VLOOKUP(A23,Data!A:C,3,FALSE) -> 0.3 | U23: =R23*I23+S23*G23 -> 47.48 | V23: =CEILING(U23,5) -> 50 | Z23: =0.85*V23 -> 42.5 | AA23: =CEILING(Z23,1) -> 43 | AC23: -40 | AD23: =IF(V23+W23+AB23 > 0, "Positive", IF(V23-+W23+AB23 < 0, "Negative", "Neutral")) -> Positive | AE23: =ROUND(ABS((V23+AB23+W23+AC23)*3.6)/(G23*3),2) -> 0.38 | AF23: =AND(AE23>=0.3,AE23<=0.8) -> TRUE | AK23: =VLOOKUP(A23,Data!A:F,6,FALSE) -> 10 | AL23: =AK23*G23/1000 -> 0.316 | AM23: =AL23 -> 0.316 | AP23: 1 | AQ23: =AO23/AP23 -> 0 | AR23: 4.1 | AS23: =IF(AR23<=Sheet2!$D$2,Sheet2!$C$2,IF(AR23<=Sheet2!$D$3,Sheet2!$C$3,IF(AR23<=Sheet2!$D$4,Sheet2!$C$4,IF(AR23<=Sheet2!$D$5,Sheet2!$C$5,IF(AR23<=Sheet2!$D$6,Sheet2!$C$6,IF(AR23<=Sheet2!$D$7,Sheet2!$C$7,IF(AR23<=Sheet2!$D$8,Sheet2!$C$8,IF(AR23<=Sheet2!$D$9,Sheet2!$C$9,IF(AR23<=Sheet2!$D$10,Sheet2!$C$10,IF(AR23<=Sheet2!$D$11,Sheet2!$C$11,0)))))))))) -> 350 | AT23: =AS23-V23 -> 300 | AY23: =AS23/H23 -> 11.075949 | AZ23: =(AR23/H23*1000)*3.4 -> 441.13924 | BA23: VRV-GF-Common Areas | BB23: =IF(AR23<=Sheet2!$D$2,Sheet2!$B$2,IF(AR23<=Sheet2!$D$3,Sheet2!$B$3,IF(AR23<=Sheet2!$D$4,Sheet2!$B$4,IF(AR23<=Sheet2!$D$5,Sheet2!$B$5,IF(AR23<=Sheet2!$D$6,Sheet2!$B$6,IF(AR23<=Sheet2!$D$7,Sheet2!$B$7,IF(AR23<=Sheet2!$D$8,Sheet2!$B$8,IF(AR23<=Sheet2!$D$9,Sheet2!$B$9,IF(AR23<=Sheet2!$D$10,Sheet2!$B$10,IF(AR23<=Sheet2!$D$11,Sheet2!$B$11,0)))))))))) -> FXSQ63A
A24: Waiting Area | B24: 20 | C24: Group 10 | D24: GF-018-B | E24: Family Waiting Room | F24: صالة انتظار عائلية | G24: =4*7.9 -> 31.6 | H24: =G24 -> 31.6 | I24: 17 | K24: =I24 -> 17 | L24: 0 | M24: 0 | N24: =VLOOKUP(A24,Data!A:B,2,FALSE) -> 50 | O24: =L24 -> 0 | P24: 22 | Q24: <60 | R24: =VLOOKUP(A24,Data!A:D,4,FALSE) -> 3.8 | S24: =VLOOKUP(A24,Data!A:C,3,FALSE) -> 0.3 | U24: =R24*I24+S24*G24 -> 74.08 | V24: =CEILING(U24,5) -> 75 | Z24: =0.85*V24 -> 63.75 | AA24: 75 | AC24: -65 | AD24: =IF(V24+W24+AB24 > 0, "Positive", IF(V24-+W24+AB24 < 0, "Negative", "Neutral")) -> Positive | AE24: =ROUND(ABS((V24+AB24+W24+AC24)*3.6)/(G24*3),2) -> 0.38 | AF24: =AND(AE24>=0.3,AE24<=0.8) -> TRUE | AK24: =VLOOKUP(A24,Data!A:F,6,FALSE) -> 10 | AL24: =AK24*G24/1000 -> 0.316 | AM24: =AL24 -> 0.316 | AP24: 1 | AQ24: =AO24/AP24 -> 0 | AR24: 3.8 | AS24: =IF(AR24<=Sheet2!$D$2,Sheet2!$C$2,IF(AR24<=Sheet2!$D$3,Sheet2!$C$3,IF(AR24<=Sheet2!$D$4,Sheet2!$C$4,IF(AR24<=Sheet2!$D$5,Sheet2!$C$5,IF(AR24<=Sheet2!$D$6,Sheet2!$C$6,IF(AR24<=Sheet2!$D$7,Sheet2!$C$7,IF(AR24<=Sheet2!$D$8,Sheet2!$C$8,IF(AR24<=Sheet2!$D$9,Sheet2!$C$9,IF(AR24<=Sheet2!$D$10,Sheet2!$C$10,IF(AR24<=Sheet2!$D$11,Sheet2!$C$11,0)))))))))) -> 350 | AT24: =AS24-V24 -> 275 | AY24: =AS24/H24 -> 11.075949 | AZ24: =(AR24/H24*1000)*3.4 -> 408.86076 | BA24: VRV-GF-Common Areas | BB24: =IF(AR24<=Sheet2!$D$2,Sheet2!$B$2,IF(AR24<=Sheet2!$D$3,Sheet2!$B$3,IF(AR24<=Sheet2!$D$4,Sheet2!$B$4,IF(AR24<=Sheet2!$D$5,Sheet2!$B$5,IF(AR24<=Sheet2!$D$6,Sheet2!$B$6,IF(AR24<=Sheet2!$D$7,Sheet2!$B$7,IF(AR24<=Sheet2!$D$8,Sheet2!$B$8,IF(AR24<=Sheet2!$D$9,Sheet2!$B$9,IF(AR24<=Sheet2!$D$10,Sheet2!$B$10,IF(AR24<=Sheet2!$D$11,Sheet2!$B$11,0)))))))))) -> FXSQ63A
A25: Office | B25: 21 | C25: Group 10 | D25: GF-018-C | E25: Security Office | F25: مكتب امن | G25: =3.4*2.8 -> 9.52 | H25: =G25 -> 9.52 | I25: 1 | K25: =I25 -> 1 | L25: 0 | M25: 0 | N25: =VLOOKUP(A25,Data!A:B,2,FALSE) -> 5 | O25: =L25 -> 0 | P25: 22 | Q25: <60 | R25: =VLOOKUP(A25,Data!A:D,4,FALSE) -> 2.5 | S25: =VLOOKUP(A25,Data!A:C,3,FALSE) -> 0.3 | U25: =R25*I25+S25*G25 -> 5.356 | V25: =CEILING(U25,5) -> 10 | Z25: =0.85*V25 -> 8.5 | AA25: =CEILING(Z25,1) -> 9 | AC25: -7 | AD25: =IF(V25+W25+AB25 > 0, "Positive", IF(V25-+W25+AB25 < 0, "Negative", "Neutral")) -> Positive | AE25: =ROUND(ABS((V25+AB25+W25+AC25)*3.6)/(G25*3),2) -> 0.38 | AF25: =AND(AE25>=0.3,AE25<=0.8) -> TRUE | AK25: =VLOOKUP(A25,Data!A:F,6,FALSE) -> 10 | AL25: =AK25*G25/1000 -> 0.0952 | AM25: =AL25 -> 0.0952 | AP25: 1 | AQ25: =AO25/AP25 -> 0 | AR25: 5.6 | AS25: =IF(AR25<=Sheet2!$D$2,Sheet2!$C$2,IF(AR25<=Sheet2!$D$3,Sheet2!$C$3,IF(AR25<=Sheet2!$D$4,Sheet2!$C$4,IF(AR25<=Sheet2!$D$5,Sheet2!$C$5,IF(AR25<=Sheet2!$D$6,Sheet2!$C$6,IF(AR25<=Sheet2!$D$7,Sheet2!$C$7,IF(AR25<=Sheet2!$D$8,Sheet2!$C$8,IF(AR25<=Sheet2!$D$9,Sheet2!$C$9,IF(AR25<=Sheet2!$D$10,Sheet2!$C$10,IF(AR25<=Sheet2!$D$11,Sheet2!$C$11,0)))))))))) -> 383 | AT25: =AS25-V25 -> 373 | AY25: =AS25/H25 -> 40.231092 | AZ25: =(AR25/H25*1000)*3.4 -> 2000 | BA25: VRV-GF-Common Areas | BB25: =IF(AR25<=Sheet2!$D$2,Sheet2!$B$2,IF(AR25<=Sheet2!$D$3,Sheet2!$B$3,IF(AR25<=Sheet2!$D$4,Sheet2!$B$4,IF(AR25<=Sheet2!$D$5,Sheet2!$B$5,IF(AR25<=Sheet2!$D$6,Sheet2!$B$6,IF(AR25<=Sheet2!$D$7,Sheet2!$B$7,IF(AR25<=Sheet2!$D$8,Sheet2!$B$8,IF(AR25<=Sheet2!$D$9,Sheet2!$B$9,IF(AR25<=Sheet2!$D$10,Sheet2!$B$10,IF(AR25<=Sheet2!$D$11,Sheet2!$B$11,0)))))))))) -> FXSQ80A
A26: Corridor | B26: 22 | C26: Group 8 | D26: GF-018-D | E26: Corridor | G26: 84 | H26: =G26 -> 84 | I26: 0 | K26: =I26 -> 0 | L26: 0 | M26: 0 | N26: =VLOOKUP(A26,Data!A:B,2,FALSE) -> 0 | O26: =L26 -> 0 | P26: 22 | Q26: <60 | R26: =VLOOKUP(A26,Data!A:D,4,FALSE) -> 0 | S26: =VLOOKUP(A26,Data!A:C,3,FALSE) -> 0.3 | U26: =R26*I26+S26*G26 -> 25.2 | V26: 50 | Z26: =0.85*V26 -> 42.5 | AB26: 0 | AD26: =IF(V26+W26+AB26 > 0, "Positive", IF(V26-+W26+AB26 < 0, "Negative", "Neutral")) -> Positive | AE26: =ROUND(ABS((V26+AB26+W26+AC26)*3.6)/(G26*3),2) -> 0.71 | AF26: =AND(AE26>=0.3,AE26<=0.8) -> TRUE | AK26: =VLOOKUP(A26,Data!A:F,6,FALSE) -> 10 | AL26: =AK26*G26/1000 -> 0.84 | AM26: =AL26 -> 0.84 | AP26: 1 | AQ26: =AO26/AP26 -> 0 | AR26: 4.2 | AS26: =IF(AR26<=Sheet2!$D$2,Sheet2!$C$2,IF(AR26<=Sheet2!$D$3,Sheet2!$C$3,IF(AR26<=Sheet2!$D$4,Sheet2!$C$4,IF(AR26<=Sheet2!$D$5,Sheet2!$C$5,IF(AR26<=Sheet2!$D$6,Sheet2!$C$6,IF(AR26<=Sheet2!$D$7,Sheet2!$C$7,IF(AR26<=Sheet2!$D$8,Sheet2!$C$8,IF(AR26<=Sheet2!$D$9,Sheet2!$C$9,IF(AR26<=Sheet2!$D$10,Sheet2!$C$10,IF(AR26<=Sheet2!$D$11,Sheet2!$C$11,0)))))))))) -> 350 | AT26: =AS26-V26 -> 300 | AY26: =AS26/H26 -> 4.1666667 | AZ26: =(AR26/H26*1000)*3.4 -> 170 | BA26: VRV-GF-Common Areas | BB26: =IF(AR26<=Sheet2!$D$2,Sheet2!$B$2,IF(AR26<=Sheet2!$D$3,Sheet2!$B$3,IF(AR26<=Sheet2!$D$4,Sheet2!$B$4,IF(AR26<=Sheet2!$D$5,Sheet2!$B$5,IF(AR26<=Sheet2!$D$6,Sheet2!$B$6,IF(AR26<=Sheet2!$D$7,Sheet2!$B$7,IF(AR26<=Sheet2!$D$8,Sheet2!$B$8,IF(AR26<=Sheet2!$D$9,Sheet2!$B$9,IF(AR26<=Sheet2!$D$10,Sheet2!$B$10,IF(AR26<=Sheet2!$D$11,Sheet2!$B$11,0)))))))))) -> FXSQ63A
A27: Corridor | B27: 23 | C27: Group 9 | D27: GF-018-E | E27: Corridor | G27: =76+4 -> 80 | H27: =G27 -> 80 | I27: 0 | K27: =I27 -> 0 | L27: 0 | M27: 0 | N27: =VLOOKUP(A27,Data!A:B,2,FALSE) -> 0 | O27: =L27 -> 0 | P27: 22 | Q27: <60 | R27: =VLOOKUP(A27,Data!A:D,4,FALSE) -> 0 | S27: =VLOOKUP(A27,Data!A:C,3,FALSE) -> 0.3 | U27: =R27*I27+S27*G27 -> 24 | V27: 310 | W27: -260 | AA27: =CEILING(Z27,1) -> 0 | AB27: =(CEILING(AA27,1))*-1 -> 0 | AD27: =IF(V27+W27+AB27 > 0, "Positive", IF(V27-+W27+AB27 < 0, "Negative", "Neutral")) -> Positive | AE27: =ROUND(ABS((V27+AB27+W27+AC27)*3.6)/(G27*3),2) -> 0.75 | AF27: =AND(AE27>=0.3,AE27<=0.8) -> TRUE | AK27: =VLOOKUP(A27,Data!A:F,6,FALSE) -> 10 | AL27: =AK27*G27/1000 -> 0.8 | AM27: =AL27 -> 0.8 | AP27: 1 | AQ27: =AO27/AP27 -> 0 | AR27: 2.3 | AS27: =IF(AR27<=Sheet2!$D$2,Sheet2!$C$2,IF(AR27<=Sheet2!$D$3,Sheet2!$C$3,IF(AR27<=Sheet2!$D$4,Sheet2!$C$4,IF(AR27<=Sheet2!$D$5,Sheet2!$C$5,IF(AR27<=Sheet2!$D$6,Sheet2!$C$6,IF(AR27<=Sheet2!$D$7,Sheet2!$C$7,IF(AR27<=Sheet2!$D$8,Sheet2!$C$8,IF(AR27<=Sheet2!$D$9,Sheet2!$C$9,IF(AR27<=Sheet2!$D$10,Sheet2!$C$10,IF(AR27<=Sheet2!$D$11,Sheet2!$C$11,0)))))))))) -> 158 | AT27: =AS27-V27 -> -152 | AY27: =AS27/H27 -> 1.975 | AZ27: =(AR27/H27*1000)*3.4 -> 97.75 | BA27: VRV-GF-Common Areas | BB27: =IF(AR27<=Sheet2!$D$2,Sheet2!$B$2,IF(AR27<=Sheet2!$D$3,Sheet2!$B$3,IF(AR27<=Sheet2!$D$4,Sheet2!$B$4,IF(AR27<=Sheet2!$D$5,Sheet2!$B$5,IF(AR27<=Sheet2!$D$6,Sheet2!$B$6,IF(AR27<=Sheet2!$D$7,Sheet2!$B$7,IF(AR27<=Sheet2!$D$8,Sheet2!$B$8,IF(AR27<=Sheet2!$D$9,Sheet2!$B$9,IF(AR27<=Sheet2!$D$10,Sheet2!$B$10,IF(AR27<=Sheet2!$D$11,Sheet2!$B$11,0)))))))))) -> FXSQ32A
A28: Office | B28: 24 | C28: Group 8 | D28: GF-019 | E28: Corporate Social Responsibility Office | F28: مكتب مسؤولية مجتمعية | G28: =4*4.8 -> 19.2 | H28: =G28 -> 19.2 | I28: 3 | K28: =I28 -> 3 | L28: 0 | M28: 0 | N28: =VLOOKUP(A28,Data!A:B,2,FALSE) -> 5 | O28: =L28 -> 0 | P28: 22 | Q28: <60 | R28: =VLOOKUP(A28,Data!A:D,4,FALSE) -> 2.5 | S28: =VLOOKUP(A28,Data!A:C,3,FALSE) -> 0.3 | U28: =R28*I28+S28*G28 -> 13.26 | V28: =CEILING(U28,5) -> 15 | W28: -10 | Z28: =0.85*V28 -> 12.75 | AB28: 0 | AD28: =IF(V28+W28+AB28 > 0, "Positive", IF(V28-+W28+AB28 < 0, "Negative", "Neutral")) -> Positive | AE28: =ROUND(ABS((V28+AB28+W28+AC28)*3.6)/(G28*3),2) -> 0.31 | AF28: =AND(AE28>=0.3,AE28<=0.8) -> TRUE | AK28: =VLOOKUP(A28,Data!A:F,6,FALSE) -> 10 | AL28: =AK28*G28/1000 -> 0.192 | AM28: =AL28 -> 0.192 | AP28: 1 | AQ28: =AO28/AP28 -> 0 | AR28: 2.6 | AS28: =IF(AR28<=Sheet2!$D$2,Sheet2!$C$2,IF(AR28<=Sheet2!$D$3,Sheet2!$C$3,IF(AR28<=Sheet2!$D$4,Sheet2!$C$4,IF(AR28<=Sheet2!$D$5,Sheet2!$C$5,IF(AR28<=Sheet2!$D$6,Sheet2!$C$6,IF(AR28<=Sheet2!$D$7,Sheet2!$C$7,IF(AR28<=Sheet2!$D$8,Sheet2!$C$8,IF(AR28<=Sheet2!$D$9,Sheet2!$C$9,IF(AR28<=Sheet2!$D$10,Sheet2!$C$10,IF(AR28<=Sheet2!$D$11,Sheet2!$C$11,0)))))))))) -> 250 | AT28: =AS28-V28 -> 235 | AY28: =AS28/H28 -> 13.020833 | AZ28: =(AR28/H28*1000)*3.4 -> 460.41667 | BA28: VRV-GF-01 | BB28: =IF(AR28<=Sheet2!$D$2,Sheet2!$B$2,IF(AR28<=Sheet2!$D$3,Sheet2!$B$3,IF(AR28<=Sheet2!$D$4,Sheet2!$B$4,IF(AR28<=Sheet2!$D$5,Sheet2!$B$5,IF(AR28<=Sheet2!$D$6,Sheet2!$B$6,IF(AR28<=Sheet2!$D$7,Sheet2!$B$7,IF(AR28<=Sheet2!$D$8,Sheet2!$B$8,IF(AR28<=Sheet2!$D$9,Sheet2!$B$9,IF(AR28<=Sheet2!$D$10,Sheet2!$B$10,IF(AR28<=Sheet2!$D$11,Sheet2!$B$11,0)))))))))) -> FXSQ40A
A29: mechanical/maintenance room | B29: 25 | C29: Group 8 | D29: GF-020 | E29: Mechanical Room | F29: غرفة خدمات ميكانيكية | G29: =2.8*4.8 -> 13.44 | H29: =G29 -> 13.44 | I29: 1 | K29: =I29 -> 1 | L29: 0 | M29: 0 | N29: =VLOOKUP(A29,Data!A:B,2,FALSE) -> 0 | O29: =L29 -> 0 | P29: 22 | Q29: <60 | R29: =VLOOKUP(A29,Data!A:D,4,FALSE) -> 0 | S29: =VLOOKUP(A29,Data!A:C,3,FALSE) -> 0.3 | U29: =R29*I29+S29*G29 -> 4.032 | W29: 20 | Z29: =0.85*V29 -> 0 | AA29: 25 | AB29: -25 | AD29: =IF(V29+W29+AB29 > 0, "Positive", IF(V29-+W29+AB29 < 0, "Negative", "Neutral")) -> Negative | AE29: =ROUND(ABS((V29+AB29+W29+AC29)*3.6)/(G29*3),2) -> 0.45 | AF29: =AND(AE29>=0.3,AE29<=0.8) -> TRUE | AK29: =VLOOKUP(A29,Data!A:F,6,FALSE) -> 10 | AL29: =AK29*G29/1000 -> 0.1344 | AM29: =AL29 -> 0.1344 | AP29: 1 | AQ29: =AO29/AP29 -> 0 | AR29: 1.5 | AS29: =IF(AR29<=Sheet2!$D$2,Sheet2!$C$2,IF(AR29<=Sheet2!$D$3,Sheet2!$C$3,IF(AR29<=Sheet2!$D$4,Sheet2!$C$4,IF(AR29<=Sheet2!$D$5,Sheet2!$C$5,IF(AR29<=Sheet2!$D$6,Sheet2!$C$6,IF(AR29<=Sheet2!$D$7,Sheet2!$C$7,IF(AR29<=Sheet2!$D$8,Sheet2!$C$8,IF(AR29<=Sheet2!$D$9,Sheet2!$C$9,IF(AR29<=Sheet2!$D$10,Sheet2!$C$10,IF(AR29<=Sheet2!$D$11,Sheet2!$C$11,0)))))))))) -> 150 | AT29: =AS29-V29 -> 150 | AY29: =AS29/H29 -> 11.160714 | AZ29: =(AR29/H29*1000)*3.4 -> 379.46429 | BA29: VRV-GF-01 | BB29: =IF(AR29<=Sheet2!$D$2,Sheet2!$B$2,IF(AR29<=Sheet2!$D$3,Sheet2!$B$3,IF(AR29<=Sheet2!$D$4,Sheet2!$B$4,IF(AR29<=Sheet2!$D$5,Sheet2!$B$5,IF(AR29<=Sheet2!$D$6,Sheet2!$B$6,IF(AR29<=Sheet2!$D$7,Sheet2!$B$7,IF(AR29<=Sheet2!$D$8,Sheet2!$B$8,IF(AR29<=Sheet2!$D$9,Sheet2!$B$9,IF(AR29<=Sheet2!$D$10,Sheet2!$B$10,IF(AR29<=Sheet2!$D$11,Sheet2!$B$11,0)))))))))) -> FXSQ20A
A30: Office | B30: 26 | C30: Group 8 | D30: GF-021 | E30: Operational Services Room | F30: غرفة خدمات تشغيلية | G30: =2.9*4.8 -> 13.92 | H30: =G30 -> 13.92 | I30: 1 | K30: =I30 -> 1 | L30: 0 | M30: 0 | N30: =VLOOKUP(A30,Data!A:B,2,FALSE) -> 5 | O30: =L30 -> 0 | P30: 22 | Q30: <60 | R30: =VLOOKUP(A30,Data!A:D,4,FALSE) -> 2.5 | S30: =VLOOKUP(A30,Data!A:C,3,FALSE) -> 0.3 | U30: =R30*I30+S30*G30 -> 6.676 | V30: =CEILING(U30,5) -> 10 | W30: -5 | Z30: =0.85*V30 -> 8.5 | AB30: 0 | AD30: =IF(V30+W30+AB30 > 0, "Positive", IF(V30-+W30+AB30 < 0, "Negative", "Neutral")) -> Positive | AE30: =ROUND(ABS((V30+AB30+W30+AC30)*3.6)/(G30*3),2) -> 0.43 | AF30: =AND(AE30>=0.3,AE30<=0.8) -> TRUE | AK30: =VLOOKUP(A30,Data!A:F,6,FALSE) -> 10 | AL30: =AK30*G30/1000 -> 0.1392 | AM30: =AL30 -> 0.1392 | AP30: 1 | AQ30: =AO30/AP30 -> 0 | AR30: 1.6 | AS30: =IF(AR30<=Sheet2!$D$2,Sheet2!$C$2,IF(AR30<=Sheet2!$D$3,Sheet2!$C$3,IF(AR30<=Sheet2!$D$4,Sheet2!$C$4,IF(AR30<=Sheet2!$D$5,Sheet2!$C$5,IF(AR30<=Sheet2!$D$6,Sheet2!$C$6,IF(AR30<=Sheet2!$D$7,Sheet2!$C$7,IF(AR30<=Sheet2!$D$8,Sheet2!$C$8,IF(AR30<=Sheet2!$D$9,Sheet2!$C$9,IF(AR30<=Sheet2!$D$10,Sheet2!$C$10,IF(AR30<=Sheet2!$D$11,Sheet2!$C$11,0)))))))))) -> 150 | AT30: =AS30-V30 -> 140 | AY30: =AS30/H30 -> 10.775862 | AZ30: =(AR30/H30*1000)*3.4 -> 390.8046 | BA30: VRV-GF-01 | BB30: =IF(AR30<=Sheet2!$D$2,Sheet2!$B$2,IF(AR30<=Sheet2!$D$3,Sheet2!$B$3,IF(AR30<=Sheet2!$D$4,Sheet2!$B$4,IF(AR30<=Sheet2!$D$5,Sheet2!$B$5,IF(AR30<=Sheet2!$D$6,Sheet2!$B$6,IF(AR30<=Sheet2!$D$7,Sheet2!$B$7,IF(AR30<=Sheet2!$D$8,Sheet2!$B$8,IF(AR30<=Sheet2!$D$9,Sheet2!$B$9,IF(AR30<=Sheet2!$D$10,Sheet2!$B$10,IF(AR30<=Sheet2!$D$11,Sheet2!$B$11,0)))))))))) -> FXSQ25A
A31: Storage | B31: 27 | C31: Group 8 | D31: GF-022 | E31: Water Bottle Storage Room | F31: غرفة تخزين عبوات مياه الشرب | G31: =3.8*4.8 -> 18.24 | H31: =G31 -> 18.24 | I31: 1 | K31: =I31 -> 1 | L31: 0 | M31: 0 | N31: =VLOOKUP(A31,Data!A:B,2,FALSE) -> 2 | O31: =L31 -> 0 | P31: 22 | Q31: <60 | R31: =VLOOKUP(A31,Data!A:D,4,FALSE) -> 0 | S31: =VLOOKUP(A31,Data!A:C,3,FALSE) -> 0 | U31: =R31*I31+S31*G31 -> 0 | W31: 20 | Z31: =0.85*V31 -> 0 | AA31: 25 | AB31: -25 | AD31: =IF(V31+W31+AB31 > 0, "Positive", IF(V31-+W31+AB31 < 0, "Negative", "Neutral")) -> Negative | AE31: =ROUND(ABS((V31+AB31+W31+AC31)*3.6)/(G31*3),2) -> 0.33 | AF31: =AND(AE31>=0.3,AE31<=0.8) -> TRUE | AK31: =VLOOKUP(A31,Data!A:F,6,FALSE) -> 10 | AL31: =AK31*G31/1000 -> 0.1824 | AM31: =AL31 -> 0.1824 | AP31: 1 | AQ31: =AO31/AP31 -> 0 | AR31: 1.9 | AS31: =IF(AR31<=Sheet2!$D$2,Sheet2!$C$2,IF(AR31<=Sheet2!$D$3,Sheet2!$C$3,IF(AR31<=Sheet2!$D$4,Sheet2!$C$4,IF(AR31<=Sheet2!$D$5,Sheet2!$C$5,IF(AR31<=Sheet2!$D$6,Sheet2!$C$6,IF(AR31<=Sheet2!$D$7,Sheet2!$C$7,IF(AR31<=Sheet2!$D$8,Sheet2!$C$8,IF(AR31<=Sheet2!$D$9,Sheet2!$C$9,IF(AR31<=Sheet2!$D$10,Sheet2!$C$10,IF(AR31<=Sheet2!$D$11,Sheet2!$C$11,0)))))))))) -> 158 | AT31: =AS31-V31 -> 158 | AY31: =AS31/H31 -> 8.6622807 | AZ31: =(AR31/H31*1000)*3.4 -> 354.16667 | BA31: VRV-GF-01 | BB31: =IF(AR31<=Sheet2!$D$2,Sheet2!$B$2,IF(AR31<=Sheet2!$D$3,Sheet2!$B$3,IF(AR31<=Sheet2!$D$4,Sheet2!$B$4,IF(AR31<=Sheet2!$D$5,Sheet2!$B$5,IF(AR31<=Sheet2!$D$6,Sheet2!$B$6,IF(AR31<=Sheet2!$D$7,Sheet2!$B$7,IF(AR31<=Sheet2!$D$8,Sheet2!$B$8,IF(AR31<=Sheet2!$D$9,Sheet2!$B$9,IF(AR31<=Sheet2!$D$10,Sheet2!$B$10,IF(AR31<=Sheet2!$D$11,Sheet2!$B$11,0)))))))))) -> FXSQ32A
A32: Office | B32: 28 | C32: Group 8 | D32: GF-023 | E32: Customer Service Lounge | F32: استراحة خدمة العملاء | G32: 44.4 | H32: =G32 -> 44.4 | I32: 17 | K32: =I32 -> 17 | L32: 0 | M32: 1 | N32: =VLOOKUP(A32,Data!A:B,2,FALSE) -> 5 | O32: =L32 -> 0 | P32: 22 | Q32: <60 | R32: =VLOOKUP(A32,Data!A:D,4,FALSE) -> 2.5 | S32: =VLOOKUP(A32,Data!A:C,3,FALSE) -> 0.3 | U32: =R32*I32+S32*G32 -> 55.82 | V32: =CEILING(U32,5) -> 60 | W32: -20 | Z32: =0.85*V32 -> 51 | AB32: -25 | AD32: =IF(V32+W32+AB32 > 0, "Positive", IF(V32-+W32+AB32 < 0, "Negative", "Neutral")) -> Positive | AE32: =ROUND(ABS((V32+AB32+W32+AC32)*3.6)/(G32*3),2) -> 0.41 | AF32: =AND(AE32>=0.3,AE32<=0.8) -> TRUE | AK32: =VLOOKUP(A32,Data!A:F,6,FALSE) -> 10 | AL32: =AK32*G32/1000 -> 0.444 | AM32: =AL32 -> 0.444 | AP32: 1 | AQ32: =AO32/AP32 -> 0 | AR32: 5.8 | AS32: =IF(AR32<=Sheet2!$D$2,Sheet2!$C$2,IF(AR32<=Sheet2!$D$3,Sheet2!$C$3,IF(AR32<=Sheet2!$D$4,Sheet2!$C$4,IF(AR32<=Sheet2!$D$5,Sheet2!$C$5,IF(AR32<=Sheet2!$D$6,Sheet2!$C$6,IF(AR32<=Sheet2!$D$7,Sheet2!$C$7,IF(AR32<=Sheet2!$D$8,Sheet2!$C$8,IF(AR32<=Sheet2!$D$9,Sheet2!$C$9,IF(AR32<=Sheet2!$D$10,Sheet2!$C$10,IF(AR32<=Sheet2!$D$11,Sheet2!$C$11,0)))))))))) -> 383 | AT32: =AS32-V32 -> 323 | AY32: =AS32/H32 -> 8.6261261 | AZ32: =(AR32/H32*1000)*3.4 -> 444.14414 | BA32: VRV-GF-01 | BB32: =IF(AR32<=Sheet2!$D$2,Sheet2!$B$2,IF(AR32<=Sheet2!$D$3,Sheet2!$B$3,IF(AR32<=Sheet2!$D$4,Sheet2!$B$4,IF(AR32<=Sheet2!$D$5,Sheet2!$B$5,IF(AR32<=Sheet2!$D$6,Sheet2!$B$6,IF(AR32<=Sheet2!$D$7,Sheet2!$B$7,IF(AR32<=Sheet2!$D$8,Sheet2!$B$8,IF(AR32<=Sheet2!$D$9,Sheet2!$B$9,IF(AR32<=Sheet2!$D$10,Sheet2!$B$10,IF(AR32<=Sheet2!$D$11,Sheet2!$B$11,0)))))))))) -> FXSQ80A
A33: mechanical/maintenance room | B33: 29 | C33: Group 8 | D33: GF-024 | E33: Maintenance Room | F33: غرفة صيانة | G33: =3.3*6.6 -> 21.78 | H33: =G33 -> 21.78 | I33: 0 | K33: =I33 -> 0 | L33: 0 | M33: 1 | N33: =VLOOKUP(A33,Data!A:B,2,FALSE) -> 0 | O33: =L33 -> 0 | P33: 22 | Q33: <60 | R33: =VLOOKUP(A33,Data!A:D,4,FALSE) -> 0 | S33: =VLOOKUP(A33,Data!A:C,3,FALSE) -> 0.3 | U33: =R33*I33+S33*G33 -> 6.534 | W33: 15 | Z33: =0.85*V33 -> 0 | AA33: 25 | AB33: -25 | AD33: =IF(V33+W33+AB33 > 0, "Positive", IF(V33-+W33+AB33 < 0, "Negative", "Neutral")) -> Negative | AE33: =ROUND(ABS((V33+AB33+W33+AC33)*3.6)/(G33*3),2) -> 0.55 | AF33: =AND(AE33>=0.3,AE33<=0.8) -> TRUE | AK33: =VLOOKUP(A33,Data!A:F,6,FALSE) -> 10 | AL33: =AK33*G33/1000 -> 0.2178 | AM33: =AL33 -> 0.2178 | AP33: 1 | AQ33: =AO33/AP33 -> 0 | AR33: 2.8 | AS33: =IF(AR33<=Sheet2!$D$2,Sheet2!$C$2,IF(AR33<=Sheet2!$D$3,Sheet2!$C$3,IF(AR33<=Sheet2!$D$4,Sheet2!$C$4,IF(AR33<=Sheet2!$D$5,Sheet2!$C$5,IF(AR33<=Sheet2!$D$6,Sheet2!$C$6,IF(AR33<=Sheet2!$D$7,Sheet2!$C$7,IF(AR33<=Sheet2!$D$8,Sheet2!$C$8,IF(AR33<=Sheet2!$D$9,Sheet2!$C$9,IF(AR33<=Sheet2!$D$10,Sheet2!$C$10,IF(AR33<=Sheet2!$D$11,Sheet2!$C$11,0)))))))))) -> 250 | AT33: =AS33-V33 -> 250 | AY33: =AS33/H33 -> 11.478421 | AZ33: =(AR33/H33*1000)*3.4 -> 437.09826 | BA33: VRV-GF-01 | BB33: =IF(AR33<=Sheet2!$D$2,Sheet2!$B$2,IF(AR33<=Sheet2!$D$3,Sheet2!$B$3,IF(AR33<=Sheet2!$D$4,Sheet2!$B$4,IF(AR33<=Sheet2!$D$5,Sheet2!$B$5,IF(AR33<=Sheet2!$D$6,Sheet2!$B$6,IF(AR33<=Sheet2!$D$7,Sheet2!$B$7,IF(AR33<=Sheet2!$D$8,Sheet2!$B$8,IF(AR33<=Sheet2!$D$9,Sheet2!$B$9,IF(AR33<=Sheet2!$D$10,Sheet2!$B$10,IF(AR33<=Sheet2!$D$11,Sheet2!$B$11,0)))))))))) -> FXSQ40A
A34: bathroom | B34: 30 | D34: GF-025 | E34: Women's Rest Room | F34: دورة مياه نساء | G34: =5.1*5.9 -> 30.09 | H34: =G34 -> 30.09 | I34: 5 | K34: =I34 -> 5 | L34: 0 | M34: 8 | N34: =VLOOKUP(A34,Data!A:B,2,FALSE) -> 0 | O34: =L34 -> 0 | P34: 22 | Q34: <60 | R34: =VLOOKUP(A34,Data!A:D,4,FALSE) -> 0 | S34: =VLOOKUP(A34,Data!A:C,3,FALSE) -> 0 | U34: =R34*I34+S34*G34 -> 0 | V34: =CEILING(U34,5) -> 0 | X34: 25 | Y34: 6 | Z34: =Y34*X34 -> 150 | AA34: =CEILING(Z34,1) -> 150 | AB34: =(CEILING(AA34,1))*-1 -> -150 | AD34: =IF(V34+W34+AB34 > 0, "Positive", IF(V34-+W34+AB34 < 0, "Negative", "Neutral")) -> Negative | AE34: =ROUND(ABS((V34+AB34+W34+AC34)*3.6)/(G34*3),2) -> 5.98 | AF34: =AND(AE34>=0.3,AE34<=0.8) -> FALSE | AK34: =VLOOKUP(A34,Data!A:F,6,FALSE) -> 10 | AL34: =AK34*G34/1000 -> 0.3009 | AM34: =AL34 -> 0.3009 | AP34: 1 | AQ34: =AO34/AP34 -> 0 | AR34: 2.8 | AS34: =IF(AR34<=Sheet2!$D$2,Sheet2!$C$2,IF(AR34<=Sheet2!$D$3,Sheet2!$C$3,IF(AR34<=Sheet2!$D$4,Sheet2!$C$4,IF(AR34<=Sheet2!$D$5,Sheet2!$C$5,IF(AR34<=Sheet2!$D$6,Sheet2!$C$6,IF(AR34<=Sheet2!$D$7,Sheet2!$C$7,IF(AR34<=Sheet2!$D$8,Sheet2!$C$8,IF(AR34<=Sheet2!$D$9,Sheet2!$C$9,IF(AR34<=Sheet2!$D$10,Sheet2!$C$10,IF(AR34<=Sheet2!$D$11,Sheet2!$C$11,0)))))))))) -> 250 | AT34: =AS34-V34 -> 250 | AZ34: =(AR34/H34*1000)*3.4 -> 316.38418 | BA34: Served By RTU-01
A35: Ablution | B35: 31 | D35: GF-026 | E35: Ablution | F35: موضى | G35: =4*3.5 -> 14 | H35: =G35 -> 14 | I35: 6 | K35: =I35 -> 6 | L35: 0 | M35: 1 | N35: =VLOOKUP(A35,Data!A:B,2,FALSE) -> 0 | O35: =L35 -> 0 | P35: 22 | Q35: <60 | R35: =VLOOKUP(A35,Data!A:D,4,FALSE) -> 0 | S35: =VLOOKUP(A35,Data!A:C,3,FALSE) -> 0 | U35: =AA35*0.85 -> 15.3 | V35: =CEILING(U35,5) -> 20 | X35: =VLOOKUP(A35,Data!A:E,5,FALSE) -> 1.25 | Z35: =G35*X35 -> 17.5 | AA35: =CEILING(Z35,1) -> 18 | AB35: =(CEILING(AA35,1))*-1 -> -18 | AD35: =IF(V35+W35+AB35 > 0, "Positive", IF(V35-+W35+AB35 < 0, "Negative", "Neutral")) -> Positive | AE35: =ROUND(ABS((V35+AB35+W35+AC35)*3.6)/(G35*3),2) -> 0.17 | AF35: =AND(AE35>=0.3,AE35<=0.8) -> FALSE | AK35: =VLOOKUP(A35,Data!A:F,6,FALSE) -> 10 | AL35: =AK35*G35/1000 -> 0.14 | AM35: =AL35 -> 0.14 | AP35: 1 | AQ35: =AO35/AP35 -> 0 | AR35: 5.6 | AS35: =IF(AR35<=Sheet2!$D$2,Sheet2!$C$2,IF(AR35<=Sheet2!$D$3,Sheet2!$C$3,IF(AR35<=Sheet2!$D$4,Sheet2!$C$4,IF(AR35<=Sheet2!$D$5,Sheet2!$C$5,IF(AR35<=Sheet2!$D$6,Sheet2!$C$6,IF(AR35<=Sheet2!$D$7,Sheet2!$C$7,IF(AR35<=Sheet2!$D$8,Sheet2!$C$8,IF(AR35<=Sheet2!$D$9,Sheet2!$C$9,IF(AR35<=Sheet2!$D$10,Sheet2!$C$10,IF(AR35<=Sheet2!$D$11,Sheet2!$C$11,0)))))))))) -> 383 | AT35: =AS35-V35 -> 363 | AZ35: =(AR35/H35*1000)*3.4 -> 1360 | BA35: Served By RTU-01
A36: Prayer Room | B36: 32 | D36: GF-027 | E36: Prayer Room | F36: مصلى | G36: =6*5.9 -> 35.4 | H36: =G36 -> 35.4 | I36: 25 | K36: =I36 -> 25 | L36: 0 | M36: 3 | N36: =VLOOKUP(A36,Data!A:B,2,FALSE) -> 120 | O36: =L36 -> 0 | P36: 22 | Q36: <60 | R36: =VLOOKUP(A36,Data!A:D,4,FALSE) -> 2.5 | S36: =VLOOKUP(A36,Data!A:C,3,FALSE) -> 0.3 | U36: =R36*I36+S36*G36 -> 73.12 | V36: =CEILING(U36,5) -> 75 | Z36: =0.85*V36 -> 63.75 | AA36: =CEILING(Z36,1) -> 64 | AB36: =(CEILING(AA36,1))*-1 -> -64 | AD36: =IF(V36+W36+AB36 > 0, "Positive", IF(V36-+W36+AB36 < 0, "Negative", "Neutral")) -> Positive | AE36: =ROUND(ABS((V36+AB36+W36+AC36)*3.6)/(G36*3),2) -> 0.37 | AF36: =AND(AE36>=0.3,AE36<=0.8) -> TRUE | AK36: =VLOOKUP(A36,Data!A:F,6,FALSE) -> 10 | AL36: =AK36*G36/1000 -> 0.354 | AM36: =AL36 -> 0.354 | AP36: 1 | AQ36: =AO36/AP36 -> 0 | AR36: 11.9 | AS36: =IF(AR36<=Sheet2!$D$2,Sheet2!$C$2,IF(AR36<=Sheet2!$D$3,Sheet2!$C$3,IF(AR36<=Sheet2!$D$4,Sheet2!$C$4,IF(AR36<=Sheet2!$D$5,Sheet2!$C$5,IF(AR36<=Sheet2!$D$6,Sheet2!$C$6,IF(AR36<=Sheet2!$D$7,Sheet2!$C$7,IF(AR36<=Sheet2!$D$8,Sheet2!$C$8,IF(AR36<=Sheet2!$D$9,Sheet2!$C$9,IF(AR36<=Sheet2!$D$10,Sheet2!$C$10,IF(AR36<=Sheet2!$D$11,Sheet2!$C$11,0)))))))))) -> 0 | AT36: =AS36-V36 -> -75 | AZ36: =(AR36/H36*1000)*3.4 -> 1142.9379 | BA36: Served By RTU-01
A37: Cafeteria | B37: 33 | D37: GF-028 | E37: Cafeteria | F37: كافتيريا | G37: 290.1 | H37: =G37 -> 290.1 | I37: =16*2*4 -> 128 | K37: =I37 -> 128 | L37: 0 | M37: 1 | N37: =VLOOKUP(A37,Data!A:B,2,FALSE) -> 100 | O37: =L37 -> 0 | P37: 22 | Q37: <60 | R37: =VLOOKUP(A37,Data!A:D,4,FALSE) -> 3.8 | S37: =VLOOKUP(A37,Data!A:C,3,FALSE) -> 0.9 | U37: =R37*I37+S37*G37 -> 747.49 | V37: =CEILING(U37,5) -> 750 | Z37: =0.85*V37 -> 637.5 | AA37: =CEILING(Z37,1) -> 638 | AB37: =(CEILING(AA37,1))*-1 -> -638 | AD37: =IF(V37+W37+AB37 > 0, "Positive", IF(V37-+W37+AB37 < 0, "Negative", "Neutral")) -> Positive | AE37: =ROUND(ABS((V37+AB37+W37+AC37)*3.6)/(G37*3),2) -> 0.46 | AF37: =AND(AE37>=0.3,AE37<=0.8) -> TRUE | AK37: =VLOOKUP(A37,Data!A:F,6,FALSE) -> 10 | AL37: =AK37*G37/1000 -> 2.901 | AM37: =AL37 -> 2.901 | AP37: 1 | AQ37: =AO37/AP37 -> 0 | AR37: =IF(AQ37<Sheet2!$D$2,Sheet2!$D$2,IF(AQ37<Sheet2!$D$3,Sheet2!$D$3,IF(AQ37<Sheet2!$D$4,Sheet2!$D$4,IF(AQ37<Sheet2!$D$5,Sheet2!$D$5,IF(AQ37<Sheet2!$D$6,Sheet2!$D$6,IF(AQ37<Sheet2!$D$7,Sheet2!$D$7,IF(AQ37<Sheet2!$D$8,Sheet2!$D$8,IF(AQ37<Sheet2!$D$9,Sheet2!$D$9,IF(AQ37<Sheet2!$D$10,Sheet2!$D$10,IF(AQ37<Sheet2!$D$11,0)))))))))) -> 1.5 | AS37: =IF(AR37<=Sheet2!$D$2,Sheet2!$C$2,IF(AR37<=Sheet2!$D$3,Sheet2!$C$3,IF(AR37<=Sheet2!$D$4,Sheet2!$C$4,IF(AR37<=Sheet2!$D$5,Sheet2!$C$5,IF(AR37<=Sheet2!$D$6,Sheet2!$C$6,IF(AR37<=Sheet2!$D$7,Sheet2!$C$7,IF(AR37<=Sheet2!$D$8,Sheet2!$C$8,IF(AR37<=Sheet2!$D$9,Sheet2!$C$9,IF(AR37<=Sheet2!$D$10,Sheet2!$C$10,IF(AR37<=Sheet2!$D$11,Sheet2!$C$11,0)))))))))) -> 150 | AT37: =AS37-V37 -> -600 | AZ37: =(AR37/H37*1000)*3.4 -> 17.580145 | BA37: Served By RTU-01
A38: Office | B38: 34 | C38: Group 10 | D38: GF-029 | E38: Government Security Office | F38: مكتب امن حكومي | G38: =3.4*4 -> 13.6 | H38: =G38 -> 13.6 | I38: 3 | K38: =I38 -> 3 | L38: 0 | M38: 0 | N38: =VLOOKUP(A38,Data!A:B,2,FALSE) -> 5 | O38: =L38 -> 0 | P38: 22 | Q38: <60 | R38: =VLOOKUP(A38,Data!A:D,4,FALSE) -> 2.5 | S38: =VLOOKUP(A38,Data!A:C,3,FALSE) -> 0.3 | U38: =R38*I38+S38*G38 -> 11.58 | V38: =CEILING(U38,5) -> 15 | Z38: =0.85*V38 -> 12.75 | AA38: =CEILING(Z38,1) -> 13 | AC38: -10 | AD38: =IF(V38+W38+AB38 > 0, "Positive", IF(V38-+W38+AB38 < 0, "Negative", "Neutral")) -> Positive | AE38: =ROUND(ABS((V38+AB38+W38+AC38)*3.6)/(G38*3),2) -> 0.44 | AF38: =AND(AE38>=0.3,AE38<=0.8) -> TRUE | AK38: =VLOOKUP(A38,Data!A:F,6,FALSE) -> 10 | AL38: =AK38*G38/1000 -> 0.136 | AM38: =AL38 -> 0.136 | AP38: 1 | AQ38: =AO38/AP38 -> 0 | AR38: 3.1 | AS38: =IF(AR38<=Sheet2!$D$2,Sheet2!$C$2,IF(AR38<=Sheet2!$D$3,Sheet2!$C$3,IF(AR38<=Sheet2!$D$4,Sheet2!$C$4,IF(AR38<=Sheet2!$D$5,Sheet2!$C$5,IF(AR38<=Sheet2!$D$6,Sheet2!$C$6,IF(AR38<=Sheet2!$D$7,Sheet2!$C$7,IF(AR38<=Sheet2!$D$8,Sheet2!$C$8,IF(AR38<=Sheet2!$D$9,Sheet2!$C$9,IF(AR38<=Sheet2!$D$10,Sheet2!$C$10,IF(AR38<=Sheet2!$D$11,Sheet2!$C$11,0)))))))))) -> 253 | AT38: =AS38-V38 -> 238 | AY38: =AS38/H38 -> 18.602941 | AZ38: =(AR38/H38*1000)*3.4 -> 775 | BA38: VRV-GF-02 | BB38: =IF(AR38<=Sheet2!$D$2,Sheet2!$B$2,IF(AR38<=Sheet2!$D$3,Sheet2!$B$3,IF(AR38<=Sheet2!$D$4,Sheet2!$B$4,IF(AR38<=Sheet2!$D$5,Sheet2!$B$5,IF(AR38<=Sheet2!$D$6,Sheet2!$B$6,IF(AR38<=Sheet2!$D$7,Sheet2!$B$7,IF(AR38<=Sheet2!$D$8,Sheet2!$B$8,IF(AR38<=Sheet2!$D$9,Sheet2!$B$9,IF(AR38<=Sheet2!$D$10,Sheet2!$B$10,IF(AR38<=Sheet2!$D$11,Sheet2!$B$11,0)))))))))) -> FXSQ50A
A39: Cafeteria | B39: 35 | D39: GF-030 | E39: Cafeteria | F39: كافتيريا | G39: =23.2*15.8+13.6 -> 380.16 | H39: =G39 -> 380.16 | I39: =16*3*4 -> 192 | K39: =I39 -> 192 | L39: 0 | M39: 0 | N39: =VLOOKUP(A39,Data!A:B,2,FALSE) -> 100 | O39: =L39 -> 0 | P39: 22 | Q39: <60 | R39: =VLOOKUP(A39,Data!A:D,4,FALSE) -> 3.8 | S39: =VLOOKUP(A39,Data!A:C,3,FALSE) -> 0.9 | U39: =R39*I39+S39*G39 -> 1071.744 | V39: =CEILING(U39,5) -> 1075 | Z39: =0.85*V39 -> 913.75 | AA39: =CEILING(Z39,1) -> 914 | AB39: =(CEILING(AA39,1))*-1 -> -914 | AD39: =IF(V39+W39+AB39 > 0, "Positive", IF(V39-+W39+AB39 < 0, "Negative", "Neutral")) -> Positive | AE39: =ROUND(ABS((V39+AB39+W39+AC39)*3.6)/(G39*3),2) -> 0.51 | AF39: =AND(AE39>=0.3,AE39<=0.8) -> TRUE | AK39: =VLOOKUP(A39,Data!A:F,6,FALSE) -> 10 | AL39: =AK39*G39/1000 -> 3.8016 | AM39: =AL39 -> 3.8016 | AP39: 1 | AQ39: =AO39/AP39 -> 0 | AR39: =IF(AQ39<Sheet2!$D$2,Sheet2!$D$2,IF(AQ39<Sheet2!$D$3,Sheet2!$D$3,IF(AQ39<Sheet2!$D$4,Sheet2!$D$4,IF(AQ39<Sheet2!$D$5,Sheet2!$D$5,IF(AQ39<Sheet2!$D$6,Sheet2!$D$6,IF(AQ39<Sheet2!$D$7,Sheet2!$D$7,IF(AQ39<Sheet2!$D$8,Sheet2!$D$8,IF(AQ39<Sheet2!$D$9,Sheet2!$D$9,IF(AQ39<Sheet2!$D$10,Sheet2!$D$10,IF(AQ39<Sheet2!$D$11,0)))))))))) -> 1.5 | AS39: =IF(AR39<=Sheet2!$D$2,Sheet2!$C$2,IF(AR39<=Sheet2!$D$3,Sheet2!$C$3,IF(AR39<=Sheet2!$D$4,Sheet2!$C$4,IF(AR39<=Sheet2!$D$5,Sheet2!$C$5,IF(AR39<=Sheet2!$D$6,Sheet2!$C$6,IF(AR39<=Sheet2!$D$7,Sheet2!$C$7,IF(AR39<=Sheet2!$D$8,Sheet2!$C$8,IF(AR39<=Sheet2!$D$9,Sheet2!$C$9,IF(AR39<=Sheet2!$D$10,Sheet2!$C$10,IF(AR39<=Sheet2!$D$11,Sheet2!$C$11,0)))))))))) -> 150 | AT39: =AS39-V39 -> -925 | AY39: =AS39/H39 -> 0.39457071 | AZ39: =(AR39/H39*1000)*3.4 -> 13.415404 | BA39: Served By RTU-02
A40: Prayer Room | B40: 36 | C40: Group 9 | D40: GF-031 | E40: Prayer Room | F40: مصلى | G40: =10.4*5.9 -> 61.36 | H40: =G40 -> 61.36 | I40: 46 | K40: =I40 -> 46 | L40: 0 | M40: 3 | N40: =VLOOKUP(A40,Data!A:B,2,FALSE) -> 120 | O40: =L40 -> 0 | P40: 22 | Q40: <60 | R40: =VLOOKUP(A40,Data!A:D,4,FALSE) -> 2.5 | S40: =VLOOKUP(A40,Data!A:C,3,FALSE) -> 0.3 | U40: =R40*I40+S40*G40 -> 133.408 | V40: =CEILING(U40,5) -> 135 | Z40: =0.85*V40 -> 114.75 | AB40: -115 | AD40: =IF(V40+W40+AB40 > 0, "Positive", IF(V40-+W40+AB40 < 0, "Negative", "Neutral")) -> Positive | AE40: =ROUND(ABS((V40+AB40+W40+AC40)*3.6)/(G40*3),2) -> 0.39 | AF40: =AND(AE40>=0.3,AE40<=0.8) -> TRUE | AK40: =VLOOKUP(A40,Data!A:F,6,FALSE) -> 10 | AL40: =AK40*G40/1000 -> 0.6136 | AM40: =AL40 -> 0.6136 | AP40: 1 | AQ40: =AO40/AP40 -> 0 | AR40: 7.9 | AS40: =IF(AR40<=Sheet2!$D$2,Sheet2!$C$2,IF(AR40<=Sheet2!$D$3,Sheet2!$C$3,IF(AR40<=Sheet2!$D$4,Sheet2!$C$4,IF(AR40<=Sheet2!$D$5,Sheet2!$C$5,IF(AR40<=Sheet2!$D$6,Sheet2!$C$6,IF(AR40<=Sheet2!$D$7,Sheet2!$C$7,IF(AR40<=Sheet2!$D$8,Sheet2!$C$8,IF(AR40<=Sheet2!$D$9,Sheet2!$C$9,IF(AR40<=Sheet2!$D$10,Sheet2!$C$10,IF(AR40<=Sheet2!$D$11,Sheet2!$C$11,0)))))))))) -> 600 | AT40: =AS40-V40 -> 465 | AY40: =AS40/H40 -> 9.7783572 | AZ40: =(AR40/H40*1000)*3.4 -> 437.74446 | BA40: VRV-GF-02 | BB40: =IF(AR40<=Sheet2!$D$2,Sheet2!$B$2,IF(AR40<=Sheet2!$D$3,Sheet2!$B$3,IF(AR40<=Sheet2!$D$4,Sheet2!$B$4,IF(AR40<=Sheet2!$D$5,Sheet2!$B$5,IF(AR40<=Sheet2!$D$6,Sheet2!$B$6,IF(AR40<=Sheet2!$D$7,Sheet2!$B$7,IF(AR40<=Sheet2!$D$8,Sheet2!$B$8,IF(AR40<=Sheet2!$D$9,Sheet2!$B$9,IF(AR40<=Sheet2!$D$10,Sheet2!$B$10,IF(AR40<=Sheet2!$D$11,Sheet2!$B$11,0)))))))))) -> FXSQ125A
A41: bathroom | B41: 37 | C41: Group 9 | D41: GF-032 | E41: Men's Rest Room | F41: دورة مياه رجال | G41: =5.25*7.1+2.4*4.8+2.1*10.4 -> 70.635 | H41: =G41 -> 70.635 | I41: 10 | K41: =I41 -> 10 | L41: 0 | M41: 0 | N41: =VLOOKUP(A41,Data!A:B,2,FALSE) -> 0 | O41: =L41 -> 0 | P41: 22 | Q41: <60 | R41: =VLOOKUP(A41,Data!A:D,4,FALSE) -> 0 | S41: =VLOOKUP(A41,Data!A:C,3,FALSE) -> 0 | U41: =AA41*0.85 -> 255 | W41: 270 | X41: 25 | Y41: 12 | Z41: =Y41*X41 -> 300 | AA41: =CEILING(Z41,1) -> 300 | AB41: =(CEILING(AA41,1))*-1 -> -300 | AD41: =IF(V41+W41+AB41 > 0, "Positive", IF(V41-+W41+AB41 < 0, "Negative", "Neutral")) -> Negative | AE41: =ROUND(ABS((V41+AB41+W41+AC41)*3.6)/(G41*3),2) -> 0.51 | AF41: =AND(AE41>=0.3,AE41<=0.8) -> TRUE | AK41: =VLOOKUP(A41,Data!A:F,6,FALSE) -> 10 | AL41: =AK41*G41/1000 -> 0.70635 | AM41: =AL41 -> 0.70635 | AP41: 1 | AQ41: =AO41/AP41 -> 0 | AR41: 5.9 | AS41: =IF(AR41<=Sheet2!$D$2,Sheet2!$C$2,IF(AR41<=Sheet2!$D$3,Sheet2!$C$3,IF(AR41<=Sheet2!$D$4,Sheet2!$C$4,IF(AR41<=Sheet2!$D$5,Sheet2!$C$5,IF(AR41<=Sheet2!$D$6,Sheet2!$C$6,IF(AR41<=Sheet2!$D$7,Sheet2!$C$7,IF(AR41<=Sheet2!$D$8,Sheet2!$C$8,IF(AR41<=Sheet2!$D$9,Sheet2!$C$9,IF(AR41<=Sheet2!$D$10,Sheet2!$C$10,IF(AR41<=Sheet2!$D$11,Sheet2!$C$11,0)))))))))) -> 533 | AT41: =AS41-V41 -> 533 | AY41: =AS41/H41 -> 7.5458342 | AZ41: =(AR41/H41*1000)*3.4 -> 283.99519 | BA41: VRV-GF-02 | BB41: =IF(AR41<=Sheet2!$D$2,Sheet2!$B$2,IF(AR41<=Sheet2!$D$3,Sheet2!$B$3,IF(AR41<=Sheet2!$D$4,Sheet2!$B$4,IF(AR41<=Sheet2!$D$5,Sheet2!$B$5,IF(AR41<=Sheet2!$D$6,Sheet2!$B$6,IF(AR41<=Sheet2!$D$7,Sheet2!$B$7,IF(AR41<=Sheet2!$D$8,Sheet2!$B$8,IF(AR41<=Sheet2!$D$9,Sheet2!$B$9,IF(AR41<=Sheet2!$D$10,Sheet2!$B$10,IF(AR41<=Sheet2!$D$11,Sheet2!$B$11,0)))))))))) -> FXSQ100A
A42: Ablution | B42: 38 | C42: Group 9 | D42: GF-033 | E42: Ablution | F42: موضى | G42: =3.2*4.8 -> 15.36 | H42: =G42 -> 15.36 | I42: 6 | K42: =I42 -> 6 | L42: 0 | M42: 0 | N42: =VLOOKUP(A42,Data!A:B,2,FALSE) -> 0 | O42: =L42 -> 0 | P42: 22 | Q42: <60 | R42: =VLOOKUP(A42,Data!A:D,4,FALSE) -> 0 | S42: =VLOOKUP(A42,Data!A:C,3,FALSE) -> 0 | U42: =AA42*0.85 -> 17 | W42: 15 | X42: =VLOOKUP(A42,Data!A:E,5,FALSE) -> 1.25 | Z42: =G42*X42 -> 19.2 | AA42: =CEILING(Z42,1) -> 20 | AB42: =(CEILING(AA42,1))*-1 -> -20 | AD42: =IF(V42+W42+AB42 > 0, "Positive", IF(V42-+W42+AB42 < 0, "Negative", "Neutral")) -> Negative | AE42: =ROUND(ABS((V42+AB42+W42+AC42)*3.6)/(G42*3),2) -> 0.39 | AF42: =AND(AE42>=0.3,AE42<=0.8) -> TRUE | AK42: =VLOOKUP(A42,Data!A:F,6,FALSE) -> 10 | AL42: =AK42*G42/1000 -> 0.1536 | AM42: =AL42 -> 0.1536 | AP42: 1 | AQ42: =AO42/AP42 -> 0 | AR42: 1.7 | AS42: =IF(AR42<=Sheet2!$D$2,Sheet2!$C$2,IF(AR42<=Sheet2!$D$3,Sheet2!$C$3,IF(AR42<=Sheet2!$D$4,Sheet2!$C$4,IF(AR42<=Sheet2!$D$5,Sheet2!$C$5,IF(AR42<=Sheet2!$D$6,Sheet2!$C$6,IF(AR42<=Sheet2!$D$7,Sheet2!$C$7,IF(AR42<=Sheet2!$D$8,Sheet2!$C$8,IF(AR42<=Sheet2!$D$9,Sheet2!$C$9,IF(AR42<=Sheet2!$D$10,Sheet2!$C$10,IF(AR42<=Sheet2!$D$11,Sheet2!$C$11,0)))))))))) -> 150 | AT42: =AS42-V42 -> 150 | AY42: =AS42/H42 -> 9.765625 | AZ42: =(AR42/H42*1000)*3.4 -> 376.30208 | BA42: VRV-GF-02 | BB42: =IF(AR42<=Sheet2!$D$2,Sheet2!$B$2,IF(AR42<=Sheet2!$D$3,Sheet2!$B$3,IF(AR42<=Sheet2!$D$4,Sheet2!$B$4,IF(AR42<=Sheet2!$D$5,Sheet2!$B$5,IF(AR42<=Sheet2!$D$6,Sheet2!$B$6,IF(AR42<=Sheet2!$D$7,Sheet2!$B$7,IF(AR42<=Sheet2!$D$8,Sheet2!$B$8,IF(AR42<=Sheet2!$D$9,Sheet2!$B$9,IF(AR42<=Sheet2!$D$10,Sheet2!$B$10,IF(AR42<=Sheet2!$D$11,Sheet2!$B$11,0)))))))))) -> FXSQ25A
A43: Office | B43: 39 | C43: Group 9 | D43: GF-034 | E43: Shift Supervisor Office | F43: مكتب مشرف الوردية | G43: =4.8*4.2 -> 20.16 | H43: =G43 -> 20.16 | I43: 3 | K43: =I43 -> 3 | L43: 0 | M43: 0 | N43: =VLOOKUP(A43,Data!A:B,2,FALSE) -> 5 | O43: =L43 -> 0 | P43: 22 | Q43: 49 | R43: =VLOOKUP(A43,Data!A:D,4,FALSE) -> 2.5 | S43: =VLOOKUP(A43,Data!A:C,3,FALSE) -> 0.3 | U43: =R43*I43+S43*G43 -> 13.548 | V43: =CEILING(U43,5) -> 15 | W43: -10 | Z43: =0.85*V43 -> 12.75 | AB43: 0 | AD43: =IF(V43+W43+AB43 > 0, "Positive", IF(V43-+W43+AB43 < 0, "Negative", "Neutral")) -> Positive | AE43: =ROUND(ABS((V43+AB43+W43+AC43)*3.6)/(G43*3),2) -> 0.3 | AF43: =AND(AE43>=0.3,AE43<=0.8) -> TRUE | AK43: =VLOOKUP(A43,Data!A:F,6,FALSE) -> 10 | AL43: =AK43*G43/1000 -> 0.2016 | AM43: =AL43 -> 0.2016 | AP43: 1 | AQ43: =AO43/AP43 -> 0 | AR43: 2.5 | AS43: =IF(AR43<=Sheet2!$D$2,Sheet2!$C$2,IF(AR43<=Sheet2!$D$3,Sheet2!$C$3,IF(AR43<=Sheet2!$D$4,Sheet2!$C$4,IF(AR43<=Sheet2!$D$5,Sheet2!$C$5,IF(AR43<=Sheet2!$D$6,Sheet2!$C$6,IF(AR43<=Sheet2!$D$7,Sheet2!$C$7,IF(AR43<=Sheet2!$D$8,Sheet2!$C$8,IF(AR43<=Sheet2!$D$9,Sheet2!$C$9,IF(AR43<=Sheet2!$D$10,Sheet2!$C$10,IF(AR43<=Sheet2!$D$11,Sheet2!$C$11,0)))))))))) -> 250 | AT43: =AS43-V43 -> 235 | AY43: =AS43/H43 -> 12.400794 | AZ43: =(AR43/H43*1000)*3.4 -> 421.62698 | BA43: VRV-GF-02 | BB43: =IF(AR43<=Sheet2!$D$2,Sheet2!$B$2,IF(AR43<=Sheet2!$D$3,Sheet2!$B$3,IF(AR43<=Sheet2!$D$4,Sheet2!$B$4,IF(AR43<=Sheet2!$D$5,Sheet2!$B$5,IF(AR43<=Sheet2!$D$6,Sheet2!$B$6,IF(AR43<=Sheet2!$D$7,Sheet2!$B$7,IF(AR43<=Sheet2!$D$8,Sheet2!$B$8,IF(AR43<=Sheet2!$D$9,Sheet2!$B$9,IF(AR43<=Sheet2!$D$10,Sheet2!$B$10,IF(AR43<=Sheet2!$D$11,Sheet2!$B$11,0)))))))))) -> FXSQ40A
A44: Office | B44: 40 | C44: Group 9 | D44: GF-035 | E44: Shift Supervisor Office | F44: مكتب مشرف الوردية | G44: =4*4.8 -> 19.2 | H44: =G44 -> 19.2 | I44: 3 | K44: =I44 -> 3 | L44: 0 | M44: 0 | N44: =VLOOKUP(A44,Data!A:B,2,FALSE) -> 5 | O44: =L44 -> 0 | P44: 22 | Q44: <60 | R44: =VLOOKUP(A44,Data!A:D,4,FALSE) -> 2.5 | S44: =VLOOKUP(A44,Data!A:C,3,FALSE) -> 0.3 | U44: =R44*I44+S44*G44 -> 13.26 | V44: =CEILING(U44,5) -> 15 | W44: -10 | Z44: =0.85*V44 -> 12.75 | AB44: 0 | AD44: =IF(V44+W44+AB44 > 0, "Positive", IF(V44-+W44+AB44 < 0, "Negative", "Neutral")) -> Positive | AE44: =ROUND(ABS((V44+AB44+W44+AC44)*3.6)/(G44*3),2) -> 0.31 | AF44: =AND(AE44>=0.3,AE44<=0.8) -> TRUE | AK44: =VLOOKUP(A44,Data!A:F,6,FALSE) -> 10 | AL44: =AK44*G44/1000 -> 0.192 | AM44: =AL44 -> 0.192 | AP44: 1 | AQ44: =AO44/AP44 -> 0 | AR44: 2.4 | AS44: =IF(AR44<=Sheet2!$D$2,Sheet2!$C$2,IF(AR44<=Sheet2!$D$3,Sheet2!$C$3,IF(AR44<=Sheet2!$D$4,Sheet2!$C$4,IF(AR44<=Sheet2!$D$5,Sheet2!$C$5,IF(AR44<=Sheet2!$D$6,Sheet2!$C$6,IF(AR44<=Sheet2!$D$7,Sheet2!$C$7,IF(AR44<=Sheet2!$D$8,Sheet2!$C$8,IF(AR44<=Sheet2!$D$9,Sheet2!$C$9,IF(AR44<=Sheet2!$D$10,Sheet2!$C$10,IF(AR44<=Sheet2!$D$11,Sheet2!$C$11,0)))))))))) -> 158 | AT44: =AS44-V44 -> 143 | AY44: =AS44/H44 -> 8.2291667 | AZ44: =(AR44/H44*1000)*3.4 -> 425 | BA44: VRV-GF-02 | BB44: =IF(AR44<=Sheet2!$D$2,Sheet2!$B$2,IF(AR44<=Sheet2!$D$3,Sheet2!$B$3,IF(AR44<=Sheet2!$D$4,Sheet2!$B$4,IF(AR44<=Sheet2!$D$5,Sheet2!$B$5,IF(AR44<=Sheet2!$D$6,Sheet2!$B$6,IF(AR44<=Sheet2!$D$7,Sheet2!$B$7,IF(AR44<=Sheet2!$D$8,Sheet2!$B$8,IF(AR44<=Sheet2!$D$9,Sheet2!$B$9,IF(AR44<=Sheet2!$D$10,Sheet2!$B$10,IF(AR44<=Sheet2!$D$11,Sheet2!$B$11,0)))))))))) -> FXSQ32A
A45: Cafeteria | B45: 41 | C45: Group 9 | D45: GF-036 | E45: Cafeteria | F45: كافتيريا | G45: =3*4.8 -> 14.4 | H45: =G45 -> 14.4 | I45: 3 | K45: =I45 -> 3 | L45: 0 | M45: 0 | N45: =VLOOKUP(A45,Data!A:B,2,FALSE) -> 100 | O45: =L45 -> 0 | P45: 22 | Q45: 59 | R45: =VLOOKUP(A45,Data!A:D,4,FALSE) -> 3.8 | S45: =VLOOKUP(A45,Data!A:C,3,FALSE) -> 0.9 | U45: =R45*I45+S45*G45 -> 24.36 | V45: =CEILING(U45,5) -> 25 | Z45: =V45/0.85 -> 29.411765 | AA45: =CEILING(Z45,1) -> 30 | AB45: =(CEILING(AA45,1))*-1 -> -30 | AD45: =IF(V45+W45+AB45 > 0, "Positive", IF(V45-+W45+AB45 < 0, "Negative", "Neutral")) -> Negative | AE45: =ROUND(ABS((V45+AB45+W45+AC45)*3.6)/(G45*3),2) -> 0.42 | AF45: =AND(AE45>=0.3,AE45<=0.8) -> TRUE | AK45: =VLOOKUP(A45,Data!A:F,6,FALSE) -> 10 | AL45: =AK45*G45/1000 -> 0.144 | AM45: =AL45 -> 0.144 | AP45: 1 | AQ45: =AO45/AP45 -> 0 | AR45: 2.1 | AS45: =IF(AR45<=Sheet2!$D$2,Sheet2!$C$2,IF(AR45<=Sheet2!$D$3,Sheet2!$C$3,IF(AR45<=Sheet2!$D$4,Sheet2!$C$4,IF(AR45<=Sheet2!$D$5,Sheet2!$C$5,IF(AR45<=Sheet2!$D$6,Sheet2!$C$6,IF(AR45<=Sheet2!$D$7,Sheet2!$C$7,IF(AR45<=Sheet2!$D$8,Sheet2!$C$8,IF(AR45<=Sheet2!$D$9,Sheet2!$C$9,IF(AR45<=Sheet2!$D$10,Sheet2!$C$10,IF(AR45<=Sheet2!$D$11,Sheet2!$C$11,0)))))))))) -> 158 | AT45: =AS45-V45 -> 133 | AY45: =AS45/H45 -> 10.972222 | AZ45: =(AR45/H45*1000)*3.4 -> 495.83333 | BA45: VRV-GF-02 | BB45: =IF(AR45<=Sheet2!$D$2,Sheet2!$B$2,IF(AR45<=Sheet2!$D$3,Sheet2!$B$3,IF(AR45<=Sheet2!$D$4,Sheet2!$B$4,IF(AR45<=Sheet2!$D$5,Sheet2!$B$5,IF(AR45<=Sheet2!$D$6,Sheet2!$B$6,IF(AR45<=Sheet2!$D$7,Sheet2!$B$7,IF(AR45<=Sheet2!$D$8,Sheet2!$B$8,IF(AR45<=Sheet2!$D$9,Sheet2!$B$9,IF(AR45<=Sheet2!$D$10,Sheet2!$B$10,IF(AR45<=Sheet2!$D$11,Sheet2!$B$11,0)))))))))) -> FXSQ32A
A46: Office | B46: 42 | C46: Group 9 | D46: GF-037 | E46: Burial Certificate issuance Office | F46: مكتب اصدار شهادة الدفن | G46: =4.8*4.5 -> 21.6 | H46: =G46 -> 21.6 | I46: 3 | K46: =I46 -> 3 | N46: =VLOOKUP(A46,Data!A:B,2,FALSE) -> 5 | O46: =L46 -> 0 | P46: 26 | Q46: <60 | R46: =VLOOKUP(A46,Data!A:D,4,FALSE) -> 2.5 | S46: =VLOOKUP(A46,Data!A:C,3,FALSE) -> 0.3 | U46: =R46*I46+S46*G46 -> 13.98 | V46: =CEILING(U46,5) -> 15 | W46: -5 | Z46: =0.85*V46 -> 12.75 | AB46: 0 | AD46: =IF(V46+W46+AB46 > 0, "Positive", IF(V46-+W46+AB46 < 0, "Negative", "Neutral")) -> Positive | AE46: =ROUND(ABS((V46+AB46+W46+AC46)*3.6)/(G46*3),2) -> 0.56 | AF46: =AND(AE46>=0.3,AE46<=0.8) -> TRUE | AK46: =VLOOKUP(A46,Data!A:F,6,FALSE) -> 10 | AL46: =AK46*G46/1000 -> 0.216 | AM46: =AL46 -> 0.216 | AP46: 1 | AQ46: =AO46/AP46 -> 0 | AR46: 2.7 | AS46: =IF(AR46<=Sheet2!$D$2,Sheet2!$C$2,IF(AR46<=Sheet2!$D$3,Sheet2!$C$3,IF(AR46<=Sheet2!$D$4,Sheet2!$C$4,IF(AR46<=Sheet2!$D$5,Sheet2!$C$5,IF(AR46<=Sheet2!$D$6,Sheet2!$C$6,IF(AR46<=Sheet2!$D$7,Sheet2!$C$7,IF(AR46<=Sheet2!$D$8,Sheet2!$C$8,IF(AR46<=Sheet2!$D$9,Sheet2!$C$9,IF(AR46<=Sheet2!$D$10,Sheet2!$C$10,IF(AR46<=Sheet2!$D$11,Sheet2!$C$11,0)))))))))) -> 250 | AT46: =AS46-V46 -> 235 | AY46: =AS46/H46 -> 11.574074 | AZ46: =(AR46/H46*1000)*3.4 -> 425 | BA46: VRV-GF-02 | BB46: =IF(AR46<=Sheet2!$D$2,Sheet2!$B$2,IF(AR46<=Sheet2!$D$3,Sheet2!$B$3,IF(AR46<=Sheet2!$D$4,Sheet2!$B$4,IF(AR46<=Sheet2!$D$5,Sheet2!$B$5,IF(AR46<=Sheet2!$D$6,Sheet2!$B$6,IF(AR46<=Sheet2!$D$7,Sheet2!$B$7,IF(AR46<=Sheet2!$D$8,Sheet2!$B$8,IF(AR46<=Sheet2!$D$9,Sheet2!$B$9,IF(AR46<=Sheet2!$D$10,Sheet2!$B$10,IF(AR46<=Sheet2!$D$11,Sheet2!$B$11,0)))))))))) -> FXSQ40A
A47: Office | B47: 43 | C47: Group 10 | D47: GF-038 | E47: First Aid Medical Care Room | F47: غرفة رعاية طبية اسعافات اولية | G47: =4*3 -> 12 | H47: =G47 -> 12 | I47: 2 | K47: =I47 -> 2 | L47: 0 | M47: 0 | N47: =VLOOKUP(A47,Data!A:B,2,FALSE) -> 5 | O47: =L47 -> 0 | P47: 22 | Q47: <60 | R47: =VLOOKUP(A47,Data!A:D,4,FALSE) -> 2.5 | S47: =VLOOKUP(A47,Data!A:C,3,FALSE) -> 0.3 | U47: =R47*I47+S47*G47 -> 8.6 | V47: 30 | Z47: =0.85*V47 -> 25.5 | AA47: 15 | AC47: -25 | AD47: =IF(V47+W47+AB47 > 0, "Positive", IF(V47-+W47+AB47 < 0, "Negative", "Neutral")) -> Positive | AE47: =ROUND(ABS((V47+AB47+W47+AC47)*3.6)/(G47*3),2) -> 0.5 | AF47: =AND(AE47>=0.3,AE47<=0.8) -> TRUE | AK47: =VLOOKUP(A47,Data!A:F,6,FALSE) -> 10 | AL47: =AK47*G47/1000 -> 0.12 | AM47: =AL47 -> 0.12 | AP47: 1 | AQ47: =AO47/AP47 -> 0 | AR47: 1.7 | AS47: =IF(AR47<=Sheet2!$D$2,Sheet2!$C$2,IF(AR47<=Sheet2!$D$3,Sheet2!$C$3,IF(AR47<=Sheet2!$D$4,Sheet2!$C$4,IF(AR47<=Sheet2!$D$5,Sheet2!$C$5,IF(AR47<=Sheet2!$D$6,Sheet2!$C$6,IF(AR47<=Sheet2!$D$7,Sheet2!$C$7,IF(AR47<=Sheet2!$D$8,Sheet2!$C$8,IF(AR47<=Sheet2!$D$9,Sheet2!$C$9,IF(AR47<=Sheet2!$D$10,Sheet2!$C$10,IF(AR47<=Sheet2!$D$11,Sheet2!$C$11,0)))))))))) -> 150 | AT47: =AS47-V47 -> 120 | AY47: =AS47/H47 -> 12.5 | AZ47: =(AR47/H47*1000)*3.4 -> 481.66667 | BA47: VRV-GF-02 | BB47: =IF(AR47<=Sheet2!$D$2,Sheet2!$B$2,IF(AR47<=Sheet2!$D$3,Sheet2!$B$3,IF(AR47<=Sheet2!$D$4,Sheet2!$B$4,IF(AR47<=Sheet2!$D$5,Sheet2!$B$5,IF(AR47<=Sheet2!$D$6,Sheet2!$B$6,IF(AR47<=Sheet2!$D$7,Sheet2!$B$7,IF(AR47<=Sheet2!$D$8,Sheet2!$B$8,IF(AR47<=Sheet2!$D$9,Sheet2!$B$9,IF(AR47<=Sheet2!$D$10,Sheet2!$B$10,IF(AR47<=Sheet2!$D$11,Sheet2!$B$11,0)))))))))) -> FXSQ25A
A48: Waiting Area | B48: 44 | C48: Group 7 | D48: GF-039 | E48: Waiting Room | F48: صالة انتظار | G48: =5.2*4+88 -> 108.8 | H48: =G48 -> 108.8 | I48: 9 | K48: =I48 -> 9 | L48: 0 | M48: 0 | N48: =VLOOKUP(A48,Data!A:B,2,FALSE) -> 50 | O48: =L48 -> 0 | P48: 22 | Q48: <60 | R48: =VLOOKUP(A48,Data!A:D,4,FALSE) -> 3.8 | S48: =VLOOKUP(A48,Data!A:C,3,FALSE) -> 0.3 | U48: =R48*I48+S48*G48 -> 66.84 | V48: 150 | W48: -84 | Z48: =0.85*V48 -> 127.5 | AB48: 0 | AD48: =IF(V48+W48+AB48 > 0, "Positive", IF(V48-+W48+AB48 < 0, "Negative", "Neutral")) -> Positive | AE48: =ROUND(ABS((V48+AB48+W48+AC48)*3.6)/(G48*3),2) -> 0.73 | AF48: =AND(AE48>=0.3,AE48<=0.8) -> TRUE | AK48: =VLOOKUP(A48,Data!A:F,6,FALSE) -> 10 | AL48: =AK48*G48/1000 -> 1.088 | AM48: =AL48 -> 1.088 | AP48: 1 | AQ48: =AO48/AP48 -> 0 | AR48: 6.5 | AS48: =IF(AR48<=Sheet2!$D$2,Sheet2!$C$2,IF(AR48<=Sheet2!$D$3,Sheet2!$C$3,IF(AR48<=Sheet2!$D$4,Sheet2!$C$4,IF(AR48<=Sheet2!$D$5,Sheet2!$C$5,IF(AR48<=Sheet2!$D$6,Sheet2!$C$6,IF(AR48<=Sheet2!$D$7,Sheet2!$C$7,IF(AR48<=Sheet2!$D$8,Sheet2!$C$8,IF(AR48<=Sheet2!$D$9,Sheet2!$C$9,IF(AR48<=Sheet2!$D$10,Sheet2!$C$10,IF(AR48<=Sheet2!$D$11,Sheet2!$C$11,0)))))))))) -> 533 | AT48: =AS48-V48 -> 383 | AY48: =AS48/H48 -> 4.8988971 | AZ48: =(AR48/H48*1000)*3.4 -> 203.125 | BA48: VRV-GF-Common Areas | BB48: =IF(AR48<=Sheet2!$D$2,Sheet2!$B$2,IF(AR48<=Sheet2!$D$3,Sheet2!$B$3,IF(AR48<=Sheet2!$D$4,Sheet2!$B$4,IF(AR48<=Sheet2!$D$5,Sheet2!$B$5,IF(AR48<=Sheet2!$D$6,Sheet2!$B$6,IF(AR48<=Sheet2!$D$7,Sheet2!$B$7,IF(AR48<=Sheet2!$D$8,Sheet2!$B$8,IF(AR48<=Sheet2!$D$9,Sheet2!$B$9,IF(AR48<=Sheet2!$D$10,Sheet2!$B$10,IF(AR48<=Sheet2!$D$11,Sheet2!$B$11,0)))))))))) -> FXSQ100A
A49: Prep and Shrouding area | B49: 45 | C49: Group 7 | D49: GF-040 | E49: Preparation and Shrouding Room | F49: غرفة تجهيز وتكفين | G49: =5*4 -> 20 | H49: =G49 -> 20 | I49: 2 | K49: =I49 -> 2 | L49: 0 | M49: 0 | N49: =VLOOKUP(A49,Data!A:B,2,FALSE) -> 0 | O49: =L49 -> 0 | P49: 22 | Q49: <60 | R49: =VLOOKUP(A49,Data!A:D,4,FALSE) -> 0 | S49: =VLOOKUP(A49,Data!A:C,3,FALSE) -> 0 | T49: 2 | U49: =T49*G49*3/3.6 -> 33.333333 | V49: =CEILING(U49,5) -> 35 | Z49: =U49/0.85 -> 39.215686 | AA49: =CEILING(Z49,1) -> 40 | AB49: =(CEILING(AA49,1))*-1 -> -40 | AD49: =IF(V49+W49+AB49 > 0, "Positive", IF(V49-+W49+AB49 < 0, "Negative", "Neutral")) -> Negative | AE49: =ROUND(ABS((V49+AB49+W49+AC49)*3.6)/(G49*3),2) -> 0.3 | AF49: =AND(AE49>=0.3,AE49<=0.8) -> TRUE | AK49: =VLOOKUP(A49,Data!A:F,6,FALSE) -> 10 | AL49: =AK49*G49/1000 -> 0.2 | AM49: =AL49 -> 0.2 | AP49: 1 | AQ49: =AO49/AP49 -> 0 | AR49: 2.4 | AS49: =IF(AR49<=Sheet2!$D$2,Sheet2!$C$2,IF(AR49<=Sheet2!$D$3,Sheet2!$C$3,IF(AR49<=Sheet2!$D$4,Sheet2!$C$4,IF(AR49<=Sheet2!$D$5,Sheet2!$C$5,IF(AR49<=Sheet2!$D$6,Sheet2!$C$6,IF(AR49<=Sheet2!$D$7,Sheet2!$C$7,IF(AR49<=Sheet2!$D$8,Sheet2!$C$8,IF(AR49<=Sheet2!$D$9,Sheet2!$C$9,IF(AR49<=Sheet2!$D$10,Sheet2!$C$10,IF(AR49<=Sheet2!$D$11,Sheet2!$C$11,0)))))))))) -> 158 | AT49: =AS49-V49 -> 123 | AY49: =AS49/H49 -> 7.9 | AZ49: =(AR49/H49*1000)*3.4 -> 408 | BA49: VRV-GF-02 | BB49: =IF(AR49<=Sheet2!$D$2,Sheet2!$B$2,IF(AR49<=Sheet2!$D$3,Sheet2!$B$3,IF(AR49<=Sheet2!$D$4,Sheet2!$B$4,IF(AR49<=Sheet2!$D$5,Sheet2!$B$5,IF(AR49<=Sheet2!$D$6,Sheet2!$B$6,IF(AR49<=Sheet2!$D$7,Sheet2!$B$7,IF(AR49<=Sheet2!$D$8,Sheet2!$B$8,IF(AR49<=Sheet2!$D$9,Sheet2!$B$9,IF(AR49<=Sheet2!$D$10,Sheet2!$B$10,IF(AR49<=Sheet2!$D$11,Sheet2!$B$11,0)))))))))) -> FXSQ32A
A50: Prep and Shrouding area | B50: 46 | C50: Group 7 | D50: GF-041 | E50: Preparation and Shrouding Room | F50: غرفة تجهيز وتكفين | G50: =5*4 -> 20 | H50: =G50 -> 20 | I50: 2 | K50: =I50 -> 2 | L50: 0 | M50: 0 | N50: =VLOOKUP(A50,Data!A:B,2,FALSE) -> 0 | O50: =L50 -> 0 | P50: 22 | Q50: <60 | R50: =VLOOKUP(A50,Data!A:D,4,FALSE) -> 0 | S50: =VLOOKUP(A50,Data!A:C,3,FALSE) -> 0 | T50: 2 | U50: =T50*G50*3/3.6 -> 33.333333 | V50: =CEILING(U50,5) -> 35 | Z50: =U50/0.85 -> 39.215686 | AA50: =CEILING(Z50,1) -> 40 | AB50: =(CEILING(AA50,1))*-1 -> -40 | AD50: =IF(V50+W50+AB50 > 0, "Positive", IF(V50-+W50+AB50 < 0, "Negative", "Neutral")) -> Negative | AE50: =ROUND(ABS((V50+AB50+W50+AC50)*3.6)/(G50*3),2) -> 0.3 | AF50: =AND(AE50>=0.3,AE50<=0.8) -> TRUE | AK50: =VLOOKUP(A50,Data!A:F,6,FALSE) -> 10 | AL50: =AK50*G50/1000 -> 0.2 | AM50: =AL50 -> 0.2 | AP50: 1 | AQ50: =AO50/AP50 -> 0 | AR50: 2.4 | AS50: =IF(AR50<=Sheet2!$D$2,Sheet2!$C$2,IF(AR50<=Sheet2!$D$3,Sheet2!$C$3,IF(AR50<=Sheet2!$D$4,Sheet2!$C$4,IF(AR50<=Sheet2!$D$5,Sheet2!$C$5,IF(AR50<=Sheet2!$D$6,Sheet2!$C$6,IF(AR50<=Sheet2!$D$7,Sheet2!$C$7,IF(AR50<=Sheet2!$D$8,Sheet2!$C$8,IF(AR50<=Sheet2!$D$9,Sheet2!$C$9,IF(AR50<=Sheet2!$D$10,Sheet2!$C$10,IF(AR50<=Sheet2!$D$11,Sheet2!$C$11,0)))))))))) -> 158 | AT50: =AS50-V50 -> 123 | AY50: =AS50/H50 -> 7.9 | AZ50: =(AR50/H50*1000)*3.4 -> 408 | BA50: VRV-GF-02 | BB50: =IF(AR50<=Sheet2!$D$2,Sheet2!$B$2,IF(AR50<=Sheet2!$D$3,Sheet2!$B$3,IF(AR50<=Sheet2!$D$4,Sheet2!$B$4,IF(AR50<=Sheet2!$D$5,Sheet2!$B$5,IF(AR50<=Sheet2!$D$6,Sheet2!$B$6,IF(AR50<=Sheet2!$D$7,Sheet2!$B$7,IF(AR50<=Sheet2!$D$8,Sheet2!$B$8,IF(AR50<=Sheet2!$D$9,Sheet2!$B$9,IF(AR50<=Sheet2!$D$10,Sheet2!$B$10,IF(AR50<=Sheet2!$D$11,Sheet2!$B$11,0)))))))))) -> FXSQ32A
A51: Prep and Shrouding area | B51: 47 | C51: Group 7 | D51: GF-042 | E51: Preparation and Shrouding Room | F51: غرفة تجهيز وتكفين | G51: =5*4 -> 20 | H51: =G51 -> 20 | I51: 2 | K51: =I51 -> 2 | L51: 0 | M51: 0 | N51: =VLOOKUP(A51,Data!A:B,2,FALSE) -> 0 | O51: =L51 -> 0 | P51: 22 | Q51: <60 | R51: =VLOOKUP(A51,Data!A:D,4,FALSE) -> 0 | S51: =VLOOKUP(A51,Data!A:C,3,FALSE) -> 0 | T51: 2 | U51: =T51*G51*3/3.6 -> 33.333333 | V51: =CEILING(U51,5) -> 35 | Z51: =U51/0.85 -> 39.215686 | AA51: =CEILING(Z51,1) -> 40 | AB51: =(CEILING(AA51,1))*-1 -> -40 | AD51: =IF(V51+W51+AB51 > 0, "Positive", IF(V51-+W51+AB51 < 0, "Negative", "Neutral")) -> Negative | AE51: =ROUND(ABS((V51+AB51+W51+AC51)*3.6)/(G51*3),2) -> 0.3 | AF51: =AND(AE51>=0.3,AE51<=0.8) -> TRUE | AK51: =VLOOKUP(A51,Data!A:F,6,FALSE) -> 10 | AL51: =AK51*G51/1000 -> 0.2 | AM51: =AL51 -> 0.2 | AP51: 1 | AQ51: =AO51/AP51 -> 0 | AR51: 2.4 | AS51: =IF(AR51<=Sheet2!$D$2,Sheet2!$C$2,IF(AR51<=Sheet2!$D$3,Sheet2!$C$3,IF(AR51<=Sheet2!$D$4,Sheet2!$C$4,IF(AR51<=Sheet2!$D$5,Sheet2!$C$5,IF(AR51<=Sheet2!$D$6,Sheet2!$C$6,IF(AR51<=Sheet2!$D$7,Sheet2!$C$7,IF(AR51<=Sheet2!$D$8,Sheet2!$C$8,IF(AR51<=Sheet2!$D$9,Sheet2!$C$9,IF(AR51<=Sheet2!$D$10,Sheet2!$C$10,IF(AR51<=Sheet2!$D$11,Sheet2!$C$11,0)))))))))) -> 158 | AT51: =AS51-V51 -> 123 | AY51: =AS51/H51 -> 7.9 | AZ51: =(AR51/H51*1000)*3.4 -> 408 | BA51: VRV-GF-02 | BB51: =IF(AR51<=Sheet2!$D$2,Sheet2!$B$2,IF(AR51<=Sheet2!$D$3,Sheet2!$B$3,IF(AR51<=Sheet2!$D$4,Sheet2!$B$4,IF(AR51<=Sheet2!$D$5,Sheet2!$B$5,IF(AR51<=Sheet2!$D$6,Sheet2!$B$6,IF(AR51<=Sheet2!$D$7,Sheet2!$B$7,IF(AR51<=Sheet2!$D$8,Sheet2!$B$8,IF(AR51<=Sheet2!$D$9,Sheet2!$B$9,IF(AR51<=Sheet2!$D$10,Sheet2!$B$10,IF(AR51<=Sheet2!$D$11,Sheet2!$B$11,0)))))))))) -> FXSQ32A
A52: Prep and Shrouding area | B52: 48 | C52: Group 7 | D52: GF-043 | E52: Preparation and Shrouding Room | F52: غرفة تجهيز وتكفين | G52: =5*4 -> 20 | H52: =G52 -> 20 | I52: 2 | K52: =I52 -> 2 | L52: 0 | M52: 0 | N52: =VLOOKUP(A52,Data!A:B,2,FALSE) -> 0 | O52: =L52 -> 0 | P52: 22 | Q52: <60 | R52: =VLOOKUP(A52,Data!A:D,4,FALSE) -> 0 | S52: =VLOOKUP(A52,Data!A:C,3,FALSE) -> 0 | T52: 2 | U52: =T52*G52*3/3.6 -> 33.333333 | V52: =CEILING(U52,5) -> 35 | Z52: =U52/0.85 -> 39.215686 | AA52: =CEILING(Z52,1) -> 40 | AB52: =(CEILING(AA52,1))*-1 -> -40 | AD52: =IF(V52+W52+AB52 > 0, "Positive", IF(V52-+W52+AB52 < 0, "Negative", "Neutral")) -> Negative | AE52: =ROUND(ABS((V52+AB52+W52+AC52)*3.6)/(G52*3),2) -> 0.3 | AF52: =AND(AE52>=0.3,AE52<=0.8) -> TRUE | AK52: =VLOOKUP(A52,Data!A:F,6,FALSE) -> 10 | AL52: =AK52*G52/1000 -> 0.2 | AM52: =AL52 -> 0.2 | AP52: 1 | AQ52: =AO52/AP52 -> 0 | AR52: 2.4 | AS52: =IF(AR52<=Sheet2!$D$2,Sheet2!$C$2,IF(AR52<=Sheet2!$D$3,Sheet2!$C$3,IF(AR52<=Sheet2!$D$4,Sheet2!$C$4,IF(AR52<=Sheet2!$D$5,Sheet2!$C$5,IF(AR52<=Sheet2!$D$6,Sheet2!$C$6,IF(AR52<=Sheet2!$D$7,Sheet2!$C$7,IF(AR52<=Sheet2!$D$8,Sheet2!$C$8,IF(AR52<=Sheet2!$D$9,Sheet2!$C$9,IF(AR52<=Sheet2!$D$10,Sheet2!$C$10,IF(AR52<=Sheet2!$D$11,Sheet2!$C$11,0)))))))))) -> 158 | AT52: =AS52-V52 -> 123 | AY52: =AS52/H52 -> 7.9 | AZ52: =(AR52/H52*1000)*3.4 -> 408 | BA52: VRV-GF-02 | BB52: =IF(AR52<=Sheet2!$D$2,Sheet2!$B$2,IF(AR52<=Sheet2!$D$3,Sheet2!$B$3,IF(AR52<=Sheet2!$D$4,Sheet2!$B$4,IF(AR52<=Sheet2!$D$5,Sheet2!$B$5,IF(AR52<=Sheet2!$D$6,Sheet2!$B$6,IF(AR52<=Sheet2!$D$7,Sheet2!$B$7,IF(AR52<=Sheet2!$D$8,Sheet2!$B$8,IF(AR52<=Sheet2!$D$9,Sheet2!$B$9,IF(AR52<=Sheet2!$D$10,Sheet2!$B$10,IF(AR52<=Sheet2!$D$11,Sheet2!$B$11,0)))))))))) -> FXSQ32A
A53: Prep and Shrouding area | B53: 49 | C53: Group 7 | D53: GF-044 | E53: Preparation and Shrouding Room | F53: غرفة تجهيز وتكفين | G53: =5*4 -> 20 | H53: =G53 -> 20 | I53: 2 | K53: =I53 -> 2 | L53: 0 | M53: 0 | N53: =VLOOKUP(A53,Data!A:B,2,FALSE) -> 0 | O53: =L53 -> 0 | P53: 22 | Q53: <60 | R53: =VLOOKUP(A53,Data!A:D,4,FALSE) -> 0 | S53: =VLOOKUP(A53,Data!A:C,3,FALSE) -> 0 | T53: 2 | U53: =T53*G53*3/3.6 -> 33.333333 | V53: =CEILING(U53,5) -> 35 | Z53: =U53/0.85 -> 39.215686 | AA53: =CEILING(Z53,1) -> 40 | AB53: =(CEILING(AA53,1))*-1 -> -40 | AD53: =IF(V53+W53+AB53 > 0, "Positive", IF(V53-+W53+AB53 < 0, "Negative", "Neutral")) -> Negative | AE53: =ROUND(ABS((V53+AB53+W53+AC53)*3.6)/(G53*3),2) -> 0.3 | AF53: =AND(AE53>=0.3,AE53<=0.8) -> TRUE | AK53: =VLOOKUP(A53,Data!A:F,6,FALSE) -> 10 | AL53: =AK53*G53/1000 -> 0.2 | AM53: =AL53 -> 0.2 | AP53: 1 | AQ53: =AO53/AP53 -> 0 | AR53: 2.4 | AS53: =IF(AR53<=Sheet2!$D$2,Sheet2!$C$2,IF(AR53<=Sheet2!$D$3,Sheet2!$C$3,IF(AR53<=Sheet2!$D$4,Sheet2!$C$4,IF(AR53<=Sheet2!$D$5,Sheet2!$C$5,IF(AR53<=Sheet2!$D$6,Sheet2!$C$6,IF(AR53<=Sheet2!$D$7,Sheet2!$C$7,IF(AR53<=Sheet2!$D$8,Sheet2!$C$8,IF(AR53<=Sheet2!$D$9,Sheet2!$C$9,IF(AR53<=Sheet2!$D$10,Sheet2!$C$10,IF(AR53<=Sheet2!$D$11,Sheet2!$C$11,0)))))))))) -> 158 | AT53: =AS53-V53 -> 123 | AY53: =AS53/H53 -> 7.9 | AZ53: =(AR53/H53*1000)*3.4 -> 408 | BA53: VRV-GF-02 | BB53: =IF(AR53<=Sheet2!$D$2,Sheet2!$B$2,IF(AR53<=Sheet2!$D$3,Sheet2!$B$3,IF(AR53<=Sheet2!$D$4,Sheet2!$B$4,IF(AR53<=Sheet2!$D$5,Sheet2!$B$5,IF(AR53<=Sheet2!$D$6,Sheet2!$B$6,IF(AR53<=Sheet2!$D$7,Sheet2!$B$7,IF(AR53<=Sheet2!$D$8,Sheet2!$B$8,IF(AR53<=Sheet2!$D$9,Sheet2!$B$9,IF(AR53<=Sheet2!$D$10,Sheet2!$B$10,IF(AR53<=Sheet2!$D$11,Sheet2!$B$11,0)))))))))) -> FXSQ32A
A54: Storage | B54: 50 | C54: Group 7 | D54: GF-045 | E54: Cold Room | F54: غرفة تبريد | G54: =5*5.5 -> 27.5 | H54: =G54 -> 27.5 | I54: 0 | K54: =I54 -> 0 | L54: 0 | M54: 0 | N54: =VLOOKUP(A54,Data!A:B,2,FALSE) -> 2 | O54: =L54 -> 0 | P54: 22 | Q54: <60 | R54: =VLOOKUP(A54,Data!A:D,4,FALSE) -> 0 | S54: =VLOOKUP(A54,Data!A:C,3,FALSE) -> 0 | T54: 2 | U54: =T54*G54*3/3.6 -> 45.833333 | V54: 45 | Z54: =U54/0.85 -> 53.921569 | AA54: 55 | AB54: -55 | AD54: =IF(V54+W54+AB54 > 0, "Positive", IF(V54-+W54+AB54 < 0, "Negative", "Neutral")) -> Negative | AE54: =ROUND(ABS((V54+AB54+W54+AC54)*3.6)/(G54*3),2) -> 0.44 | AF54: =AND(AE54>=0.3,AE54<=0.8) -> TRUE | AK54: =VLOOKUP(A54,Data!A:F,6,FALSE) -> 10 | AL54: =AK54*G54/1000 -> 0.275 | AM54: =AL54 -> 0.275 | AP54: 1 | AQ54: =AO54/AP54 -> 0 | AR54: 1.9 | AS54: =IF(AR54<=Sheet2!$D$2,Sheet2!$C$2,IF(AR54<=Sheet2!$D$3,Sheet2!$C$3,IF(AR54<=Sheet2!$D$4,Sheet2!$C$4,IF(AR54<=Sheet2!$D$5,Sheet2!$C$5,IF(AR54<=Sheet2!$D$6,Sheet2!$C$6,IF(AR54<=Sheet2!$D$7,Sheet2!$C$7,IF(AR54<=Sheet2!$D$8,Sheet2!$C$8,IF(AR54<=Sheet2!$D$9,Sheet2!$C$9,IF(AR54<=Sheet2!$D$10,Sheet2!$C$10,IF(AR54<=Sheet2!$D$11,Sheet2!$C$11,0)))))))))) -> 158 | AT54: =AS54-V54 -> 113 | AY54: =AS54/H54 -> 5.7454545 | AZ54: =(AR54/H54*1000)*3.4 -> 234.90909 | BA54: VRV-GF-02 | BB54: =IF(AR54<=Sheet2!$D$2,Sheet2!$B$2,IF(AR54<=Sheet2!$D$3,Sheet2!$B$3,IF(AR54<=Sheet2!$D$4,Sheet2!$B$4,IF(AR54<=Sheet2!$D$5,Sheet2!$B$5,IF(AR54<=Sheet2!$D$6,Sheet2!$B$6,IF(AR54<=Sheet2!$D$7,Sheet2!$B$7,IF(AR54<=Sheet2!$D$8,Sheet2!$B$8,IF(AR54<=Sheet2!$D$9,Sheet2!$B$9,IF(AR54<=Sheet2!$D$10,Sheet2!$B$10,IF(AR54<=Sheet2!$D$11,Sheet2!$B$11,0)))))))))) -> FXSQ32A
A55: bathroom | B55: 51 | C55: Group 7 | D55: GF-046 | E55: Men's Rest Room | F55: دورة مياه رجال | G55: =5*4.3 -> 21.5 | H55: =G55 -> 21.5 | I55: 4 | K55: =I55 -> 4 | L55: 0 | M55: 0 | N55: =VLOOKUP(A55,Data!A:B,2,FALSE) -> 0 | O55: =L55 -> 0 | P55: 22 | Q55: <60 | R55: =VLOOKUP(A55,Data!A:D,4,FALSE) -> 0 | S55: =VLOOKUP(A55,Data!A:C,3,FALSE) -> 0 | U55: =AA55*0.85 -> 127.5 | V55: 140 | X55: 25 | Y55: 6 | Z55: =Y55*X55 -> 150 | AA55: =CEILING(Z55,1) -> 150 | AB55: =(CEILING(AA55,1))*-1 -> -150 | AD55: =IF(V55+W55+AB55 > 0, "Positive", IF(V55-+W55+AB55 < 0, "Negative", "Neutral")) -> Negative | AE55: =ROUND(ABS((V55+AB55+W55+AC55)*3.6)/(G55*3),2) -> 0.56 | AF55: =AND(AE55>=0.3,AE55<=0.8) -> TRUE | AK55: =VLOOKUP(A55,Data!A:F,6,FALSE) -> 10 | AL55: =AK55*G55/1000 -> 0.215 | AM55: =AL55 -> 0.215 | AP55: 1 | AQ55: =AO55/AP55 -> 0 | AR55: 2.3 | AS55: =IF(AR55<=Sheet2!$D$2,Sheet2!$C$2,IF(AR55<=Sheet2!$D$3,Sheet2!$C$3,IF(AR55<=Sheet2!$D$4,Sheet2!$C$4,IF(AR55<=Sheet2!$D$5,Sheet2!$C$5,IF(AR55<=Sheet2!$D$6,Sheet2!$C$6,IF(AR55<=Sheet2!$D$7,Sheet2!$C$7,IF(AR55<=Sheet2!$D$8,Sheet2!$C$8,IF(AR55<=Sheet2!$D$9,Sheet2!$C$9,IF(AR55<=Sheet2!$D$10,Sheet2!$C$10,IF(AR55<=Sheet2!$D$11,Sheet2!$C$11,0)))))))))) -> 158 | AT55: =AS55-V55 -> 18 | AY55: =AS55/H55 -> 7.3488372 | AZ55: =(AR55/H55*1000)*3.4 -> 363.72093 | BA55: VRV-GF-02 | BB55: =IF(AR55<=Sheet2!$D$2,Sheet2!$B$2,IF(AR55<=Sheet2!$D$3,Sheet2!$B$3,IF(AR55<=Sheet2!$D$4,Sheet2!$B$4,IF(AR55<=Sheet2!$D$5,Sheet2!$B$5,IF(AR55<=Sheet2!$D$6,Sheet2!$B$6,IF(AR55<=Sheet2!$D$7,Sheet2!$B$7,IF(AR55<=Sheet2!$D$8,Sheet2!$B$8,IF(AR55<=Sheet2!$D$9,Sheet2!$B$9,IF(AR55<=Sheet2!$D$10,Sheet2!$B$10,IF(AR55<=Sheet2!$D$11,Sheet2!$B$11,0)))))))))) -> FXSQ32A
A56: Storage | B56: 52 | C56: Group 7 | D56: GF-047 | E56: Sub-Store for Supplies | F56: خزن فرعي لمستلزمات التجهيز | G56: =3.2*5 -> 16 | H56: =G56 -> 16 | I56: 1 | K56: =I56 -> 1 | L56: 0 | M56: 0 | N56: =VLOOKUP(A56,Data!A:B,2,FALSE) -> 2 | O56: =L56 -> 0 | P56: 22 | Q56: 50 | R56: =VLOOKUP(A56,Data!A:D,4,FALSE) -> 0 | S56: =VLOOKUP(A56,Data!A:C,3,FALSE) -> 0 | U56: =R56*I56+S56*G56 -> 0 | W56: 20 | Z56: =0.85*V56 -> 0 | AA56: 25 | AB56: -25 | AD56: =IF(V56+W56+AB56 > 0, "Positive", IF(V56-+W56+AB56 < 0, "Negative", "Neutral")) -> Negative | AE56: =ROUND(ABS((V56+AB56+W56+AC56)*3.6)/(G56*3),2) -> 0.38 | AF56: =AND(AE56>=0.3,AE56<=0.8) -> TRUE | AK56: =VLOOKUP(A56,Data!A:F,6,FALSE) -> 10 | AL56: =AK56*G56/1000 -> 0.16 | AM56: =AL56 -> 0.16 | AP56: 1 | AQ56: =AO56/AP56 -> 0 | AR56: 1.9 | AS56: =IF(AR56<=Sheet2!$D$2,Sheet2!$C$2,IF(AR56<=Sheet2!$D$3,Sheet2!$C$3,IF(AR56<=Sheet2!$D$4,Sheet2!$C$4,IF(AR56<=Sheet2!$D$5,Sheet2!$C$5,IF(AR56<=Sheet2!$D$6,Sheet2!$C$6,IF(AR56<=Sheet2!$D$7,Sheet2!$C$7,IF(AR56<=Sheet2!$D$8,Sheet2!$C$8,IF(AR56<=Sheet2!$D$9,Sheet2!$C$9,IF(AR56<=Sheet2!$D$10,Sheet2!$C$10,IF(AR56<=Sheet2!$D$11,Sheet2!$C$11,0)))))))))) -> 158 | AT56: =AS56-V56 -> 158 | AY56: =AS56/H56 -> 9.875 | AZ56: =(AR56/H56*1000)*3.4 -> 403.75 | BA56: VRV-GF-02 | BB56: =IF(AR56<=Sheet2!$D$2,Sheet2!$B$2,IF(AR56<=Sheet2!$D$3,Sheet2!$B$3,IF(AR56<=Sheet2!$D$4,Sheet2!$B$4,IF(AR56<=Sheet2!$D$5,Sheet2!$B$5,IF(AR56<=Sheet2!$D$6,Sheet2!$B$6,IF(AR56<=Sheet2!$D$7,Sheet2!$B$7,IF(AR56<=Sheet2!$D$8,Sheet2!$B$8,IF(AR56<=Sheet2!$D$9,Sheet2!$B$9,IF(AR56<=Sheet2!$D$10,Sheet2!$B$10,IF(AR56<=Sheet2!$D$11,Sheet2!$B$11,0)))))))))) -> FXSQ32A
A57: Trash | B57: 53 | C57: Group 7 | D57: GF-048 | E57: Garbage Room | F57: غرفة نفايات | G57: =2.5*5 -> 12.5 | H57: =G57 -> 12.5 | I57: 1 | K57: =I57 -> 1 | L57: 0 | M57: 0 | N57: =VLOOKUP(A57,Data!A:B,2,FALSE) -> 0 | O57: =L57 -> 0 | P57: 22 | Q57: 51 | R57: =VLOOKUP(A57,Data!A:D,4,FALSE) -> 0 | S57: =VLOOKUP(A57,Data!A:C,3,FALSE) -> 0 | U57: =AA57*0.85 -> 55.25 | V57: 58 | X57: =VLOOKUP(A57,Data!A:E,5,FALSE) -> 5 | Z57: =G57*X57 -> 62.5 | AA57: 65 | AB57: -65 | AD57: =IF(V57+W57+AB57 > 0, "Positive", IF(V57-+W57+AB57 < 0, "Negative", "Neutral")) -> Negative | AE57: =ROUND(ABS((V57+AB57+W57+AC57)*3.6)/(G57*3),2) -> 0.67 | AF57: =AND(AE57>=0.3,AE57<=0.8) -> TRUE | AK57: =VLOOKUP(A57,Data!A:F,6,FALSE) -> 0 | AL57: =AK57*G57/1000 -> 0 | AM57: =AL57 -> 0 | AP57: 1 | AQ57: =AO57/AP57 -> 0 | AR57: 1.1 | AS57: =IF(AR57<=Sheet2!$D$2,Sheet2!$C$2,IF(AR57<=Sheet2!$D$3,Sheet2!$C$3,IF(AR57<=Sheet2!$D$4,Sheet2!$C$4,IF(AR57<=Sheet2!$D$5,Sheet2!$C$5,IF(AR57<=Sheet2!$D$6,Sheet2!$C$6,IF(AR57<=Sheet2!$D$7,Sheet2!$C$7,IF(AR57<=Sheet2!$D$8,Sheet2!$C$8,IF(AR57<=Sheet2!$D$9,Sheet2!$C$9,IF(AR57<=Sheet2!$D$10,Sheet2!$C$10,IF(AR57<=Sheet2!$D$11,Sheet2!$C$11,0)))))))))) -> 150 | AT57: =AS57-V57 -> 92 | AY57: =AS57/H57 -> 12 | AZ57: =(AR57/H57*1000)*3.4 -> 299.2 | BA57: VRV-GF-02 | BB57: =IF(AR57<=Sheet2!$D$2,Sheet2!$B$2,IF(AR57<=Sheet2!$D$3,Sheet2!$B$3,IF(AR57<=Sheet2!$D$4,Sheet2!$B$4,IF(AR57<=Sheet2!$D$5,Sheet2!$B$5,IF(AR57<=Sheet2!$D$6,Sheet2!$B$6,IF(AR57<=Sheet2!$D$7,Sheet2!$B$7,IF(AR57<=Sheet2!$D$8,Sheet2!$B$8,IF(AR57<=Sheet2!$D$9,Sheet2!$B$9,IF(AR57<=Sheet2!$D$10,Sheet2!$B$10,IF(AR57<=Sheet2!$D$11,Sheet2!$B$11,0)))))))))) -> FXSQ20A
A58: Laundry Room | B58: 54 | C58: Group 7 | D58: GF-049 | E58: Sheet Washing Room | F58: غرفة غسيل الملاءات | G58: =4*2.8 -> 11.2 | H58: =G58 -> 11.2 | I58: 1 | K58: =I58 -> 1 | L58: 0 | M58: 0 | N58: =VLOOKUP(A58,Data!A:B,2,FALSE) -> 0 | O58: =L58 -> 0 | P58: 26 | Q58: <60 | R58: =VLOOKUP(A58,Data!A:D,4,FALSE) -> 0 | S58: =VLOOKUP(A58,Data!A:C,3,FALSE) -> 0 | U58: =R58*I58+S58*G58 -> 0 | V58: 50 | Z58: =U58/0.85 -> 0 | AA58: 55 | AB58: -55 | AD58: =IF(V58+W58+AB58 > 0, "Positive", IF(V58-+W58+AB58 < 0, "Negative", "Neutral")) -> Negative | AE58: =ROUND(ABS((V58+AB58+W58+AC58)*3.6)/(G58*3),2) -> 0.54 | AF58: =AND(AE58>=0.3,AE58<=0.8) -> TRUE | AK58: =VLOOKUP(A58,Data!A:F,6,FALSE) -> 10 | AL58: =AK58*G58/1000 -> 0.112 | AM58: =AL58 -> 0.112 | AP58: 1 | AQ58: =AO58/AP58 -> 0 | AR58: 6.1 | AS58: =IF(AR58<=Sheet2!$D$2,Sheet2!$C$2,IF(AR58<=Sheet2!$D$3,Sheet2!$C$3,IF(AR58<=Sheet2!$D$4,Sheet2!$C$4,IF(AR58<=Sheet2!$D$5,Sheet2!$C$5,IF(AR58<=Sheet2!$D$6,Sheet2!$C$6,IF(AR58<=Sheet2!$D$7,Sheet2!$C$7,IF(AR58<=Sheet2!$D$8,Sheet2!$C$8,IF(AR58<=Sheet2!$D$9,Sheet2!$C$9,IF(AR58<=Sheet2!$D$10,Sheet2!$C$10,IF(AR58<=Sheet2!$D$11,Sheet2!$C$11,0)))))))))) -> 533 | AT58: =AS58-V58 -> 483 | AY58: =AS58/H58 -> 47.589286 | AZ58: =(AR58/H58*1000)*3.4 -> 1851.7857 | BA58: VRV-GF-02 | BB58: =IF(AR58<=Sheet2!$D$2,Sheet2!$B$2,IF(AR58<=Sheet2!$D$3,Sheet2!$B$3,IF(AR58<=Sheet2!$D$4,Sheet2!$B$4,IF(AR58<=Sheet2!$D$5,Sheet2!$B$5,IF(AR58<=Sheet2!$D$6,Sheet2!$B$6,IF(AR58<=Sheet2!$D$7,Sheet2!$B$7,IF(AR58<=Sheet2!$D$8,Sheet2!$B$8,IF(AR58<=Sheet2!$D$9,Sheet2!$B$9,IF(AR58<=Sheet2!$D$10,Sheet2!$B$10,IF(AR58<=Sheet2!$D$11,Sheet2!$B$11,0)))))))))) -> FXSQ100A
A59: Storage | B59: 55 | C59: Group 7 | D59: GF-050 | E59: Cleaning Supplies Storage | F59: مخزن مستلزمات تنظيف | G59: =2.5*2.4 -> 6 | H59: =G59 -> 6 | I59: 1 | K59: =I59 -> 1 | L59: 0 | M59: 0 | N59: =VLOOKUP(A59,Data!A:B,2,FALSE) -> 2 | O59: =L59 -> 0 | P59: 22 | Q59: <60 | R59: =VLOOKUP(A59,Data!A:D,4,FALSE) -> 0 | S59: =VLOOKUP(A59,Data!A:C,3,FALSE) -> 0 | U59: =R59*I59+S59*G59 -> 0 | W59: 22 | Z59: =0.85*V59 -> 0 | AA59: 25 | AB59: -25 | AD59: =IF(V59+W59+AB59 > 0, "Positive", IF(V59-+W59+AB59 < 0, "Negative", "Neutral")) -> Negative | AE59: =ROUND(ABS((V59+AB59+W59+AC59)*3.6)/(G59*3),2) -> 0.6 | AF59: =AND(AE59>=0.3,AE59<=0.8) -> TRUE | AK59: =VLOOKUP(A59,Data!A:F,6,FALSE) -> 10 | AL59: =AK59*G59/1000 -> 0.06 | AM59: =AL59 -> 0.06 | AP59: 1 | AQ59: =AO59/AP59 -> 0 | AR59: 0 | AS59: =IF(AR59<=Sheet2!$D$2,Sheet2!$C$2,IF(AR59<=Sheet2!$D$3,Sheet2!$C$3,IF(AR59<=Sheet2!$D$4,Sheet2!$C$4,IF(AR59<=Sheet2!$D$5,Sheet2!$C$5,IF(AR59<=Sheet2!$D$6,Sheet2!$C$6,IF(AR59<=Sheet2!$D$7,Sheet2!$C$7,IF(AR59<=Sheet2!$D$8,Sheet2!$C$8,IF(AR59<=Sheet2!$D$9,Sheet2!$C$9,IF(AR59<=Sheet2!$D$10,Sheet2!$C$10,IF(AR59<=Sheet2!$D$11,Sheet2!$C$11,0)))))))))) -> 150 | AT59: =AS59-V59 -> 150 | AY59: =AS59/H59 -> 25 | AZ59: =(AR59/H59*1000)*3.4 -> 0 | BA59: VRV-GF-02 | BB59: =IF(AR59<=Sheet2!$D$2,Sheet2!$B$2,IF(AR59<=Sheet2!$D$3,Sheet2!$B$3,IF(AR59<=Sheet2!$D$4,Sheet2!$B$4,IF(AR59<=Sheet2!$D$5,Sheet2!$B$5,IF(AR59<=Sheet2!$D$6,Sheet2!$B$6,IF(AR59<=Sheet2!$D$7,Sheet2!$B$7,IF(AR59<=Sheet2!$D$8,Sheet2!$B$8,IF(AR59<=Sheet2!$D$9,Sheet2!$B$9,IF(AR59<=Sheet2!$D$10,Sheet2!$B$10,IF(AR59<=Sheet2!$D$11,Sheet2!$B$11,0)))))))))) -> FXSQ20A
A60: Storage | B60: 56 | C60: Group 7 | D60: GF-051 | E60: Sanitizing Room | F60: غرفة تعقيم | G60: =2.5*2.4 -> 6 | H60: =G60 -> 6 | I60: 1 | K60: =I60 -> 1 | L60: 0 | M60: 0 | N60: =VLOOKUP(A60,Data!A:B,2,FALSE) -> 2 | O60: =L60 -> 0 | P60: 22 | Q60: <60 | R60: =VLOOKUP(A60,Data!A:D,4,FALSE) -> 0 | S60: =VLOOKUP(A60,Data!A:C,3,FALSE) -> 0 | U60: =R60*I60+S60*G60 -> 0 | W60: 22 | Z60: =0.85*V60 -> 0 | AA60: 25 | AB60: -25 | AD60: =IF(V60+W60+AB60 > 0, "Positive", IF(V60-+W60+AB60 < 0, "Negative", "Neutral")) -> Negative | AE60: =ROUND(ABS((V60+AB60+W60+AC60)*3.6)/(G60*3),2) -> 0.6 | AF60: =AND(AE60>=0.3,AE60<=0.8) -> TRUE | AK60: =VLOOKUP(A60,Data!A:F,6,FALSE) -> 10 | AL60: =AK60*G60/1000 -> 0.06 | AM60: =AL60 -> 0.06 | AP60: 1 | AQ60: =AO60/AP60 -> 0 | AR60: 0 | AS60: =IF(AR60<=Sheet2!$D$2,Sheet2!$C$2,IF(AR60<=Sheet2!$D$3,Sheet2!$C$3,IF(AR60<=Sheet2!$D$4,Sheet2!$C$4,IF(AR60<=Sheet2!$D$5,Sheet2!$C$5,IF(AR60<=Sheet2!$D$6,Sheet2!$C$6,IF(AR60<=Sheet2!$D$7,Sheet2!$C$7,IF(AR60<=Sheet2!$D$8,Sheet2!$C$8,IF(AR60<=Sheet2!$D$9,Sheet2!$C$9,IF(AR60<=Sheet2!$D$10,Sheet2!$C$10,IF(AR60<=Sheet2!$D$11,Sheet2!$C$11,0)))))))))) -> 150 | AT60: =AS60-V60 -> 150 | AY60: =AS60/H60 -> 25 | AZ60: =(AR60/H60*1000)*3.4 -> 0 | BA60: VRV-GF-02 | BB60: =IF(AR60<=Sheet2!$D$2,Sheet2!$B$2,IF(AR60<=Sheet2!$D$3,Sheet2!$B$3,IF(AR60<=Sheet2!$D$4,Sheet2!$B$4,IF(AR60<=Sheet2!$D$5,Sheet2!$B$5,IF(AR60<=Sheet2!$D$6,Sheet2!$B$6,IF(AR60<=Sheet2!$D$7,Sheet2!$B$7,IF(AR60<=Sheet2!$D$8,Sheet2!$B$8,IF(AR60<=Sheet2!$D$9,Sheet2!$B$9,IF(AR60<=Sheet2!$D$10,Sheet2!$B$10,IF(AR60<=Sheet2!$D$11,Sheet2!$B$11,0)))))))))) -> FXSQ20A
A61: Storage | B61: 57 | C61: Group 7 | D61: GF-052 | E61: Preparation Supplies Storage | F61: مخزن مستلزمات اعداد | G61: =2.7*5 -> 13.5 | H61: =G61 -> 13.5 | I61: 1 | K61: =I61 -> 1 | L61: 0 | M61: 0 | N61: =VLOOKUP(A61,Data!A:B,2,FALSE) -> 2 | O61: =L61 -> 0 | P61: 22 | Q61: <60 | R61: =VLOOKUP(A61,Data!A:D,4,FALSE) -> 0 | S61: =VLOOKUP(A61,Data!A:C,3,FALSE) -> 0 | U61: =R61*I61+S61*G61 -> 0 | W61: 20 | Z61: =0.85*V61 -> 0 | AA61: 25 | AB61: -25 | AD61: =IF(V61+W61+AB61 > 0, "Positive", IF(V61-+W61+AB61 < 0, "Negative", "Neutral")) -> Negative | AE61: =ROUND(ABS((V61+AB61+W61+AC61)*3.6)/(G61*3),2) -> 0.44 | AF61: =AND(AE61>=0.3,AE61<=0.8) -> TRUE | AK61: =VLOOKUP(A61,Data!A:F,6,FALSE) -> 10 | AL61: =AK61*G61/1000 -> 0.135 | AM61: =AL61 -> 0.135 | AP61: 1 | AQ61: =AO61/AP61 -> 0 | AR61: 0 | AS61: =IF(AR61<=Sheet2!$D$2,Sheet2!$C$2,IF(AR61<=Sheet2!$D$3,Sheet2!$C$3,IF(AR61<=Sheet2!$D$4,Sheet2!$C$4,IF(AR61<=Sheet2!$D$5,Sheet2!$C$5,IF(AR61<=Sheet2!$D$6,Sheet2!$C$6,IF(AR61<=Sheet2!$D$7,Sheet2!$C$7,IF(AR61<=Sheet2!$D$8,Sheet2!$C$8,IF(AR61<=Sheet2!$D$9,Sheet2!$C$9,IF(AR61<=Sheet2!$D$10,Sheet2!$C$10,IF(AR61<=Sheet2!$D$11,Sheet2!$C$11,0)))))))))) -> 150 | AT61: =AS61-V61 -> 150 | AY61: =AS61/H61 -> 11.111111 | AZ61: =(AR61/H61*1000)*3.4 -> 0 | BA61: VRV-GF-02 | BB61: =IF(AR61<=Sheet2!$D$2,Sheet2!$B$2,IF(AR61<=Sheet2!$D$3,Sheet2!$B$3,IF(AR61<=Sheet2!$D$4,Sheet2!$B$4,IF(AR61<=Sheet2!$D$5,Sheet2!$B$5,IF(AR61<=Sheet2!$D$6,Sheet2!$B$6,IF(AR61<=Sheet2!$D$7,Sheet2!$B$7,IF(AR61<=Sheet2!$D$8,Sheet2!$B$8,IF(AR61<=Sheet2!$D$9,Sheet2!$B$9,IF(AR61<=Sheet2!$D$10,Sheet2!$B$10,IF(AR61<=Sheet2!$D$11,Sheet2!$B$11,0)))))))))) -> FXSQ20A
A62: Meeting room | B62: 58 | C62: Group 7 | D62: GF-053 | E62: Men's Viewing Room | F62: غرفة مشاهدة رجال | G62: =4*5 -> 20 | H62: =G62 -> 20 | I62: 12 | K62: =I62 -> 12 | L62: 0 | M62: 0 | N62: =VLOOKUP(A62,Data!A:B,2,FALSE) -> 50 | O62: =L62 -> 0 | P62: 26 | Q62: <60 | R62: =VLOOKUP(A62,Data!A:D,4,FALSE) -> 2.5 | S62: =VLOOKUP(A62,Data!A:C,3,FALSE) -> 0.3 | T62: 2 | U62: =T62*G62*3/3.6 -> 33.333333 | V62: =CEILING(U62,5) -> 35 | Z62: =U62/0.85 -> 39.215686 | AA62: =CEILING(Z62,1) -> 40 | AB62: =(CEILING(AA62,1))*-1 -> -40 | AD62: =IF(V62+W62+AB62 > 0, "Positive", IF(V62-+W62+AB62 < 0, "Negative", "Neutral")) -> Negative | AE62: =ROUND(ABS((V62+AB62+W62+AC62)*3.6)/(G62*3),2) -> 0.3 | AF62: =AND(AE62>=0.3,AE62<=0.8) -> TRUE | AK62: =VLOOKUP(A62,Data!A:F,6,FALSE) -> 10 | AL62: =AK62*G62/1000 -> 0.2 | AM62: =AL62 -> 0.2 | AP62: 1 | AQ62: =AO62/AP62 -> 0 | AR62: 1.7 | AS62: =IF(AR62<=Sheet2!$D$2,Sheet2!$C$2,IF(AR62<=Sheet2!$D$3,Sheet2!$C$3,IF(AR62<=Sheet2!$D$4,Sheet2!$C$4,IF(AR62<=Sheet2!$D$5,Sheet2!$C$5,IF(AR62<=Sheet2!$D$6,Sheet2!$C$6,IF(AR62<=Sheet2!$D$7,Sheet2!$C$7,IF(AR62<=Sheet2!$D$8,Sheet2!$C$8,IF(AR62<=Sheet2!$D$9,Sheet2!$C$9,IF(AR62<=Sheet2!$D$10,Sheet2!$C$10,IF(AR62<=Sheet2!$D$11,Sheet2!$C$11,0)))))))))) -> 150 | AT62: =AS62-V62 -> 115 | AY62: =AS62/H62 -> 7.5 | AZ62: =(AR62/H62*1000)*3.4 -> 289 | BA62: VRV-GF-02 | BB62: =IF(AR62<=Sheet2!$D$2,Sheet2!$B$2,IF(AR62<=Sheet2!$D$3,Sheet2!$B$3,IF(AR62<=Sheet2!$D$4,Sheet2!$B$4,IF(AR62<=Sheet2!$D$5,Sheet2!$B$5,IF(AR62<=Sheet2!$D$6,Sheet2!$B$6,IF(AR62<=Sheet2!$D$7,Sheet2!$B$7,IF(AR62<=Sheet2!$D$8,Sheet2!$B$8,IF(AR62<=Sheet2!$D$9,Sheet2!$B$9,IF(AR62<=Sheet2!$D$10,Sheet2!$B$10,IF(AR62<=Sheet2!$D$11,Sheet2!$B$11,0)))))))))) -> FXSQ25A
A63: Meeting room | B63: 59 | C63: Group 7 | D63: GF-054 | E63: Men's Viewing Room | F63: غرفة مشاهدة رجال | G63: =4*5 -> 20 | H63: =G63 -> 20 | I63: 12 | K63: =I63 -> 12 | L63: 0 | M63: 0 | N63: =VLOOKUP(A63,Data!A:B,2,FALSE) -> 50 | O63: =L63 -> 0 | P63: 22 | Q63: <60 | R63: =VLOOKUP(A63,Data!A:D,4,FALSE) -> 2.5 | S63: =VLOOKUP(A63,Data!A:C,3,FALSE) -> 0.3 | T63: 2 | U63: =T63*G63*3/3.6 -> 33.333333 | V63: =CEILING(U63,5) -> 35 | Z63: =U63/0.85 -> 39.215686 | AA63: =CEILING(Z63,1) -> 40 | AB63: =(CEILING(AA63,1))*-1 -> -40 | AD63: =IF(V63+W63+AB63 > 0, "Positive", IF(V63-+W63+AB63 < 0, "Negative", "Neutral")) -> Negative | AE63: =ROUND(ABS((V63+AB63+W63+AC63)*3.6)/(G63*3),2) -> 0.3 | AF63: =AND(AE63>=0.3,AE63<=0.8) -> TRUE | AK63: =VLOOKUP(A63,Data!A:F,6,FALSE) -> 10 | AL63: =AK63*G63/1000 -> 0.2 | AM63: =AL63 -> 0.2 | AP63: 1 | AQ63: =AO63/AP63 -> 0 | AR63: 1.7 | AS63: =IF(AR63<=Sheet2!$D$2,Sheet2!$C$2,IF(AR63<=Sheet2!$D$3,Sheet2!$C$3,IF(AR63<=Sheet2!$D$4,Sheet2!$C$4,IF(AR63<=Sheet2!$D$5,Sheet2!$C$5,IF(AR63<=Sheet2!$D$6,Sheet2!$C$6,IF(AR63<=Sheet2!$D$7,Sheet2!$C$7,IF(AR63<=Sheet2!$D$8,Sheet2!$C$8,IF(AR63<=Sheet2!$D$9,Sheet2!$C$9,IF(AR63<=Sheet2!$D$10,Sheet2!$C$10,IF(AR63<=Sheet2!$D$11,Sheet2!$C$11,0)))))))))) -> 150 | AT63: =AS63-V63 -> 115 | AY63: =AS63/H63 -> 7.5 | AZ63: =(AR63/H63*1000)*3.4 -> 289 | BA63: VRV-GF-02 | BB63: =IF(AR63<=Sheet2!$D$2,Sheet2!$B$2,IF(AR63<=Sheet2!$D$3,Sheet2!$B$3,IF(AR63<=Sheet2!$D$4,Sheet2!$B$4,IF(AR63<=Sheet2!$D$5,Sheet2!$B$5,IF(AR63<=Sheet2!$D$6,Sheet2!$B$6,IF(AR63<=Sheet2!$D$7,Sheet2!$B$7,IF(AR63<=Sheet2!$D$8,Sheet2!$B$8,IF(AR63<=Sheet2!$D$9,Sheet2!$B$9,IF(AR63<=Sheet2!$D$10,Sheet2!$B$10,IF(AR63<=Sheet2!$D$11,Sheet2!$B$11,0)))))))))) -> FXSQ25A
A64: Meeting room | B64: 60 | C64: Group 7 | D64: GF-055 | E64: Men's Viewing Room | F64: غرفة مشاهدة رجال | G64: =4*5 -> 20 | H64: =G64 -> 20 | I64: 12 | K64: =I64 -> 12 | L64: 0 | M64: 0 | N64: =VLOOKUP(A64,Data!A:B,2,FALSE) -> 50 | O64: =L64 -> 0 | P64: 22 | Q64: <60 | R64: =VLOOKUP(A64,Data!A:D,4,FALSE) -> 2.5 | S64: =VLOOKUP(A64,Data!A:C,3,FALSE) -> 0.3 | T64: 2 | U64: =T64*G64*3/3.6 -> 33.333333 | V64: =CEILING(U64,5) -> 35 | Z64: =U64/0.85 -> 39.215686 | AA64: =CEILING(Z64,1) -> 40 | AB64: =(CEILING(AA64,1))*-1 -> -40 | AD64: =IF(V64+W64+AB64 > 0, "Positive", IF(V64-+W64+AB64 < 0, "Negative", "Neutral")) -> Negative | AE64: =ROUND(ABS((V64+AB64+W64+AC64)*3.6)/(G64*3),2) -> 0.3 | AF64: =AND(AE64>=0.3,AE64<=0.8) -> TRUE | AK64: =VLOOKUP(A64,Data!A:F,6,FALSE) -> 10 | AL64: =AK64*G64/1000 -> 0.2 | AM64: =AL64 -> 0.2 | AP64: 1 | AQ64: =AO64/AP64 -> 0 | AR64: 1.7 | AS64: =IF(AR64<=Sheet2!$D$2,Sheet2!$C$2,IF(AR64<=Sheet2!$D$3,Sheet2!$C$3,IF(AR64<=Sheet2!$D$4,Sheet2!$C$4,IF(AR64<=Sheet2!$D$5,Sheet2!$C$5,IF(AR64<=Sheet2!$D$6,Sheet2!$C$6,IF(AR64<=Sheet2!$D$7,Sheet2!$C$7,IF(AR64<=Sheet2!$D$8,Sheet2!$C$8,IF(AR64<=Sheet2!$D$9,Sheet2!$C$9,IF(AR64<=Sheet2!$D$10,Sheet2!$C$10,IF(AR64<=Sheet2!$D$11,Sheet2!$C$11,0)))))))))) -> 150 | AT64: =AS64-V64 -> 115 | AY64: =AS64/H64 -> 7.5 | AZ64: =(AR64/H64*1000)*3.4 -> 289 | BA64: VRV-GF-02 | BB64: =IF(AR64<=Sheet2!$D$2,Sheet2!$B$2,IF(AR64<=Sheet2!$D$3,Sheet2!$B$3,IF(AR64<=Sheet2!$D$4,Sheet2!$B$4,IF(AR64<=Sheet2!$D$5,Sheet2!$B$5,IF(AR64<=Sheet2!$D$6,Sheet2!$B$6,IF(AR64<=Sheet2!$D$7,Sheet2!$B$7,IF(AR64<=Sheet2!$D$8,Sheet2!$B$8,IF(AR64<=Sheet2!$D$9,Sheet2!$B$9,IF(AR64<=Sheet2!$D$10,Sheet2!$B$10,IF(AR64<=Sheet2!$D$11,Sheet2!$B$11,0)))))))))) -> FXSQ25A
A65: Meeting room | B65: 61 | C65: Group 7 | D65: GF-056 | E65: Men's Viewing Room | F65: غرفة مشاهدة رجال | G65: =4*5 -> 20 | H65: =G65 -> 20 | I65: 12 | K65: =I65 -> 12 | L65: 0 | M65: 0 | N65: =VLOOKUP(A65,Data!A:B,2,FALSE) -> 50 | O65: =L65 -> 0 | P65: 22 | Q65: <60 | R65: =VLOOKUP(A65,Data!A:D,4,FALSE) -> 2.5 | S65: =VLOOKUP(A65,Data!A:C,3,FALSE) -> 0.3 | T65: 2 | U65: =T65*G65*3/3.6 -> 33.333333 | V65: =CEILING(U65,5) -> 35 | Z65: =U65/0.85 -> 39.215686 | AA65: =CEILING(Z65,1) -> 40 | AB65: =(CEILING(AA65,1))*-1 -> -40 | AD65: =IF(V65+W65+AB65 > 0, "Positive", IF(V65-+W65+AB65 < 0, "Negative", "Neutral")) -> Negative | AE65: =ROUND(ABS((V65+AB65+W65+AC65)*3.6)/(G65*3),2) -> 0.3 | AF65: =AND(AE65>=0.3,AE65<=0.8) -> TRUE | AK65: =VLOOKUP(A65,Data!A:F,6,FALSE) -> 10 | AL65: =AK65*G65/1000 -> 0.2 | AM65: =AL65 -> 0.2 | AP65: 1 | AQ65: =AO65/AP65 -> 0 | AR65: 1.7 | AS65: =IF(AR65<=Sheet2!$D$2,Sheet2!$C$2,IF(AR65<=Sheet2!$D$3,Sheet2!$C$3,IF(AR65<=Sheet2!$D$4,Sheet2!$C$4,IF(AR65<=Sheet2!$D$5,Sheet2!$C$5,IF(AR65<=Sheet2!$D$6,Sheet2!$C$6,IF(AR65<=Sheet2!$D$7,Sheet2!$C$7,IF(AR65<=Sheet2!$D$8,Sheet2!$C$8,IF(AR65<=Sheet2!$D$9,Sheet2!$C$9,IF(AR65<=Sheet2!$D$10,Sheet2!$C$10,IF(AR65<=Sheet2!$D$11,Sheet2!$C$11,0)))))))))) -> 150 | AT65: =AS65-V65 -> 115 | AY65: =AS65/H65 -> 7.5 | AZ65: =(AR65/H65*1000)*3.4 -> 289 | BA65: VRV-GF-02 | BB65: =IF(AR65<=Sheet2!$D$2,Sheet2!$B$2,IF(AR65<=Sheet2!$D$3,Sheet2!$B$3,IF(AR65<=Sheet2!$D$4,Sheet2!$B$4,IF(AR65<=Sheet2!$D$5,Sheet2!$B$5,IF(AR65<=Sheet2!$D$6,Sheet2!$B$6,IF(AR65<=Sheet2!$D$7,Sheet2!$B$7,IF(AR65<=Sheet2!$D$8,Sheet2!$B$8,IF(AR65<=Sheet2!$D$9,Sheet2!$B$9,IF(AR65<=Sheet2!$D$10,Sheet2!$B$10,IF(AR65<=Sheet2!$D$11,Sheet2!$B$11,0)))))))))) -> FXSQ25A
A66: Office | B66: 62 | C66: Group 10 | D66: GF-057 | E66: Security Office | F66: مكتب امن | G66: =3.8*2.5 -> 9.5 | H66: =G66 -> 9.5 | I66: 1 | K66: =I66 -> 1 | L66: 0 | M66: 0 | N66: =VLOOKUP(A66,Data!A:B,2,FALSE) -> 5 | O66: =L66 -> 0 | P66: 22 | Q66: <60 | R66: =VLOOKUP(A66,Data!A:D,4,FALSE) -> 2.5 | S66: =VLOOKUP(A66,Data!A:C,3,FALSE) -> 0.3 | U66: =R66*I66+S66*G66 -> 5.35 | V66: =CEILING(U66,5) -> 10 | Z66: =0.85*V66 -> 8.5 | AA66: =CEILING(Z66,1) -> 9 | AC66: -7 | AD66: =IF(V66+W66+AB66 > 0, "Positive", IF(V66-+W66+AB66 < 0, "Negative", "Neutral")) -> Positive | AE66: =ROUND(ABS((V66+AB66+W66+AC66)*3.6)/(G66*3),2) -> 0.38 | AF66: =AND(AE66>=0.3,AE66<=0.8) -> TRUE | AK66: =VLOOKUP(A66,Data!A:F,6,FALSE) -> 10 | AL66: =AK66*G66/1000 -> 0.095 | AM66: =AL66 -> 0.095 | AP66: 1 | AQ66: =AO66/AP66 -> 0 | AR66: 2.1 | AS66: =IF(AR66<=Sheet2!$D$2,Sheet2!$C$2,IF(AR66<=Sheet2!$D$3,Sheet2!$C$3,IF(AR66<=Sheet2!$D$4,Sheet2!$C$4,IF(AR66<=Sheet2!$D$5,Sheet2!$C$5,IF(AR66<=Sheet2!$D$6,Sheet2!$C$6,IF(AR66<=Sheet2!$D$7,Sheet2!$C$7,IF(AR66<=Sheet2!$D$8,Sheet2!$C$8,IF(AR66<=Sheet2!$D$9,Sheet2!$C$9,IF(AR66<=Sheet2!$D$10,Sheet2!$C$10,IF(AR66<=Sheet2!$D$11,Sheet2!$C$11,0)))))))))) -> 158 | AT66: =AS66-V66 -> 148 | AY66: =AS66/H66 -> 16.631579 | AZ66: =(AR66/H66*1000)*3.4 -> 751.57895 | BA66: VRV-GF-02 | BB66: =IF(AR66<=Sheet2!$D$2,Sheet2!$B$2,IF(AR66<=Sheet2!$D$3,Sheet2!$B$3,IF(AR66<=Sheet2!$D$4,Sheet2!$B$4,IF(AR66<=Sheet2!$D$5,Sheet2!$B$5,IF(AR66<=Sheet2!$D$6,Sheet2!$B$6,IF(AR66<=Sheet2!$D$7,Sheet2!$B$7,IF(AR66<=Sheet2!$D$8,Sheet2!$B$8,IF(AR66<=Sheet2!$D$9,Sheet2!$B$9,IF(AR66<=Sheet2!$D$10,Sheet2!$B$10,IF(AR66<=Sheet2!$D$11,Sheet2!$B$11,0)))))))))) -> FXSQ32A
A67: Office | B67: 63 | C67: Group 10 | D67: GF-058 | E67: Customer Service | F67: خدمة العملاء | G67: =2.5*4.45 -> 11.125 | H67: =G67 -> 11.125 | I67: 1 | K67: =I67 -> 1 | L67: 0 | M67: 0 | N67: =VLOOKUP(A67,Data!A:B,2,FALSE) -> 5 | O67: =L67 -> 0 | P67: 22 | Q67: <60 | R67: =VLOOKUP(A67,Data!A:D,4,FALSE) -> 2.5 | S67: =VLOOKUP(A67,Data!A:C,3,FALSE) -> 0.3 | U67: =R67*I67+S67*G67 -> 5.8375 | V67: =CEILING(U67,5) -> 10 | Z67: =0.85*V67 -> 8.5 | AA67: =CEILING(Z67,1) -> 9 | AC67: -7 | AD67: =IF(V67+W67+AB67 > 0, "Positive", IF(V67-+W67+AB67 < 0, "Negative", "Neutral")) -> Positive | AE67: =ROUND(ABS((V67+AB67+W67+AC67)*3.6)/(G67*3),2) -> 0.32 | AF67: =AND(AE67>=0.3,AE67<=0.8) -> TRUE | AK67: =VLOOKUP(A67,Data!A:F,6,FALSE) -> 10 | AL67: =AK67*G67/1000 -> 0.11125 | AM67: =AL67 -> 0.11125 | AP67: 1 | AQ67: =AO67/AP67 -> 0 | AR67: 2.4 | AS67: =IF(AR67<=Sheet2!$D$2,Sheet2!$C$2,IF(AR67<=Sheet2!$D$3,Sheet2!$C$3,IF(AR67<=Sheet2!$D$4,Sheet2!$C$4,IF(AR67<=Sheet2!$D$5,Sheet2!$C$5,IF(AR67<=Sheet2!$D$6,Sheet2!$C$6,IF(AR67<=Sheet2!$D$7,Sheet2!$C$7,IF(AR67<=Sheet2!$D$8,Sheet2!$C$8,IF(AR67<=Sheet2!$D$9,Sheet2!$C$9,IF(AR67<=Sheet2!$D$10,Sheet2!$C$10,IF(AR67<=Sheet2!$D$11,Sheet2!$C$11,0)))))))))) -> 158 | AT67: =AS67-V67 -> 148 | AY67: =AS67/H67 -> 14.202247 | AZ67: =(AR67/H67*1000)*3.4 -> 733.48315 | BA67: VRV-GF-01 | BB67: =IF(AR67<=Sheet2!$D$2,Sheet2!$B$2,IF(AR67<=Sheet2!$D$3,Sheet2!$B$3,IF(AR67<=Sheet2!$D$4,Sheet2!$B$4,IF(AR67<=Sheet2!$D$5,Sheet2!$B$5,IF(AR67<=Sheet2!$D$6,Sheet2!$B$6,IF(AR67<=Sheet2!$D$7,Sheet2!$B$7,IF(AR67<=Sheet2!$D$8,Sheet2!$B$8,IF(AR67<=Sheet2!$D$9,Sheet2!$B$9,IF(AR67<=Sheet2!$D$10,Sheet2!$B$10,IF(AR67<=Sheet2!$D$11,Sheet2!$B$11,0)))))))))) -> FXSQ32A
A68: Office | B68: 64 | C68: Group 10 | D68: GF-059 | E68: Customer Service Office | F68: مكتب خدمة عملاء | G68: =8.2*4.5 -> 36.9 | H68: =G68 -> 36.9 | I68: 14 | K68: =I68 -> 14 | L68: 0 | M68: 0 | N68: =VLOOKUP(A68,Data!A:B,2,FALSE) -> 5 | O68: =L68 -> 0 | P68: 26 | Q68: <60 | R68: =VLOOKUP(A68,Data!A:D,4,FALSE) -> 2.5 | S68: =VLOOKUP(A68,Data!A:C,3,FALSE) -> 0.3 | U68: =R68*I68+S68*G68 -> 46.07 | V68: =CEILING(U68,5) -> 50 | Z68: =0.85*V68 -> 42.5 | AA68: =CEILING(Z68,1) -> 43 | AC68: -40 | AD68: =IF(V68+W68+AB68 > 0, "Positive", IF(V68-+W68+AB68 < 0, "Negative", "Neutral")) -> Positive | AE68: =ROUND(ABS((V68+AB68+W68+AC68)*3.6)/(G68*3),2) -> 0.33 | AF68: =AND(AE68>=0.3,AE68<=0.8) -> TRUE | AK68: =VLOOKUP(A68,Data!A:F,6,FALSE) -> 10 | AL68: =AK68*G68/1000 -> 0.369 | AM68: =AL68 -> 0.369 | AP68: 1 | AQ68: =AO68/AP68 -> 0 | AR68: 2.5 | AS68: =IF(AR68<=Sheet2!$D$2,Sheet2!$C$2,IF(AR68<=Sheet2!$D$3,Sheet2!$C$3,IF(AR68<=Sheet2!$D$4,Sheet2!$C$4,IF(AR68<=Sheet2!$D$5,Sheet2!$C$5,IF(AR68<=Sheet2!$D$6,Sheet2!$C$6,IF(AR68<=Sheet2!$D$7,Sheet2!$C$7,IF(AR68<=Sheet2!$D$8,Sheet2!$C$8,IF(AR68<=Sheet2!$D$9,Sheet2!$C$9,IF(AR68<=Sheet2!$D$10,Sheet2!$C$10,IF(AR68<=Sheet2!$D$11,Sheet2!$C$11,0)))))))))) -> 250 | AT68: =AS68-V68 -> 200 | AY68: =AS68/H68 -> 6.7750678 | AZ68: =(AR68/H68*1000)*3.4 -> 230.3523 | BA68: VRV-GF-01 | BB68: =IF(AR68<=Sheet2!$D$2,Sheet2!$B$2,IF(AR68<=Sheet2!$D$3,Sheet2!$B$3,IF(AR68<=Sheet2!$D$4,Sheet2!$B$4,IF(AR68<=Sheet2!$D$5,Sheet2!$B$5,IF(AR68<=Sheet2!$D$6,Sheet2!$B$6,IF(AR68<=Sheet2!$D$7,Sheet2!$B$7,IF(AR68<=Sheet2!$D$8,Sheet2!$B$8,IF(AR68<=Sheet2!$D$9,Sheet2!$B$9,IF(AR68<=Sheet2!$D$10,Sheet2!$B$10,IF(AR68<=Sheet2!$D$11,Sheet2!$B$11,0)))))))))) -> FXSQ40A
A69: Office | B69: 65 | C69: Group 10 | D69: GF-060 | E69: Men Preparation Staff | F69: عمالة التجهيز رجال | G69: =5*3.4 -> 17 | H69: =G69 -> 17 | I69: 8 | K69: =I69 -> 8 | L69: 0 | M69: 0 | N69: =VLOOKUP(A69,Data!A:B,2,FALSE) -> 5 | O69: =L69 -> 0 | P69: 22 | Q69: <60 | R69: =VLOOKUP(A69,Data!A:D,4,FALSE) -> 2.5 | S69: =VLOOKUP(A69,Data!A:C,3,FALSE) -> 0.3 | U69: =R69*I69+S69*G69 -> 25.1 | V69: =CEILING(U69,5) -> 30 | Z69: =0.85*V69 -> 25.5 | AA69: =CEILING(Z69,1) -> 26 | AC69: -25 | AD69: =IF(V69+W69+AB69 > 0, "Positive", IF(V69-+W69+AB69 < 0, "Negative", "Neutral")) -> Positive | AE69: =ROUND(ABS((V69+AB69+W69+AC69)*3.6)/(G69*3),2) -> 0.35 | AF69: =AND(AE69>=0.3,AE69<=0.8) -> TRUE | AK69: =VLOOKUP(A69,Data!A:F,6,FALSE) -> 10 | AL69: =AK69*G69/1000 -> 0.17 | AM69: =AL69 -> 0.17 | AP69: 1 | AQ69: =AO69/AP69 -> 0 | AR69: 1.2 | AS69: =IF(AR69<=Sheet2!$D$2,Sheet2!$C$2,IF(AR69<=Sheet2!$D$3,Sheet2!$C$3,IF(AR69<=Sheet2!$D$4,Sheet2!$C$4,IF(AR69<=Sheet2!$D$5,Sheet2!$C$5,IF(AR69<=Sheet2!$D$6,Sheet2!$C$6,IF(AR69<=Sheet2!$D$7,Sheet2!$C$7,IF(AR69<=Sheet2!$D$8,Sheet2!$C$8,IF(AR69<=Sheet2!$D$9,Sheet2!$C$9,IF(AR69<=Sheet2!$D$10,Sheet2!$C$10,IF(AR69<=Sheet2!$D$11,Sheet2!$C$11,0)))))))))) -> 150 | AT69: =AS69-V69 -> 120 | AY69: =AS69/H69 -> 8.8235294 | AZ69: =(AR69/H69*1000)*3.4 -> 240 | BA69: VRV-GF-01 | BB69: =IF(AR69<=Sheet2!$D$2,Sheet2!$B$2,IF(AR69<=Sheet2!$D$3,Sheet2!$B$3,IF(AR69<=Sheet2!$D$4,Sheet2!$B$4,IF(AR69<=Sheet2!$D$5,Sheet2!$B$5,IF(AR69<=Sheet2!$D$6,Sheet2!$B$6,IF(AR69<=Sheet2!$D$7,Sheet2!$B$7,IF(AR69<=Sheet2!$D$8,Sheet2!$B$8,IF(AR69<=Sheet2!$D$9,Sheet2!$B$9,IF(AR69<=Sheet2!$D$10,Sheet2!$B$10,IF(AR69<=Sheet2!$D$11,Sheet2!$B$11,0)))))))))) -> FXSQ20A
A70: Office | B70: 66 | C70: Group 10 | D70: GF-061 | E70: Women Preparation Staff | F70: عمالة التجهيز نساء | G70: =3*3.4 -> 10.2 | H70: =G70 -> 10.2 | I70: 4 | K70: =I70 -> 4 | L70: 0 | M70: 0 | N70: =VLOOKUP(A70,Data!A:B,2,FALSE) -> 5 | O70: =L70 -> 0 | P70: 22 | Q70: <60 | R70: =VLOOKUP(A70,Data!A:D,4,FALSE) -> 2.5 | S70: =VLOOKUP(A70,Data!A:C,3,FALSE) -> 0.3 | U70: =R70*I70+S70*G70 -> 13.06 | V70: =CEILING(U70,5) -> 15 | Z70: =0.85*V70 -> 12.75 | AA70: =CEILING(Z70,1) -> 13 | AC70: -10 | AD70: =IF(V70+W70+AB70 > 0, "Positive", IF(V70-+W70+AB70 < 0, "Negative", "Neutral")) -> Positive | AE70: =ROUND(ABS((V70+AB70+W70+AC70)*3.6)/(G70*3),2) -> 0.59 | AF70: =AND(AE70>=0.3,AE70<=0.8) -> TRUE | AK70: =VLOOKUP(A70,Data!A:F,6,FALSE) -> 10 | AL70: =AK70*G70/1000 -> 0.102 | AM70: =AL70 -> 0.102 | AP70: 1 | AQ70: =AO70/AP70 -> 0 | AR70: 0.8 | AS70: =IF(AR70<=Sheet2!$D$2,Sheet2!$C$2,IF(AR70<=Sheet2!$D$3,Sheet2!$C$3,IF(AR70<=Sheet2!$D$4,Sheet2!$C$4,IF(AR70<=Sheet2!$D$5,Sheet2!$C$5,IF(AR70<=Sheet2!$D$6,Sheet2!$C$6,IF(AR70<=Sheet2!$D$7,Sheet2!$C$7,IF(AR70<=Sheet2!$D$8,Sheet2!$C$8,IF(AR70<=Sheet2!$D$9,Sheet2!$C$9,IF(AR70<=Sheet2!$D$10,Sheet2!$C$10,IF(AR70<=Sheet2!$D$11,Sheet2!$C$11,0)))))))))) -> 150 | AT70: =AS70-V70 -> 135 | AY70: =AS70/H70 -> 14.705882 | AZ70: =(AR70/H70*1000)*3.4 -> 266.66667 | BA70: VRV-GF-01 | BB70: =IF(AR70<=Sheet2!$D$2,Sheet2!$B$2,IF(AR70<=Sheet2!$D$3,Sheet2!$B$3,IF(AR70<=Sheet2!$D$4,Sheet2!$B$4,IF(AR70<=Sheet2!$D$5,Sheet2!$B$5,IF(AR70<=Sheet2!$D$6,Sheet2!$B$6,IF(AR70<=Sheet2!$D$7,Sheet2!$B$7,IF(AR70<=Sheet2!$D$8,Sheet2!$B$8,IF(AR70<=Sheet2!$D$9,Sheet2!$B$9,IF(AR70<=Sheet2!$D$10,Sheet2!$B$10,IF(AR70<=Sheet2!$D$11,Sheet2!$B$11,0)))))))))) -> FXSQ20A
A71: Office | B71: 67 | C71: Group 10 | D71: GF-062 | E71: Security Room | F71: غرفة امن | G71: =4.05*3 -> 12.15 | H71: =G71 -> 12.15 | I71: 1 | K71: =I71 -> 1 | L71: 0 | M71: 0 | N71: =VLOOKUP(A71,Data!A:B,2,FALSE) -> 5 | O71: =L71 -> 0 | P71: 22 | Q71: <60 | R71: =VLOOKUP(A71,Data!A:D,4,FALSE) -> 2.5 | S71: =VLOOKUP(A71,Data!A:C,3,FALSE) -> 0.3 | U71: =R71*I71+S71*G71 -> 6.145 | V71: =CEILING(U71,5) -> 10 | Z71: =0.85*V71 -> 8.5 | AA71: =CEILING(Z71,1) -> 9 | AC71: -7 | AD71: =IF(V71+W71+AB71 > 0, "Positive", IF(V71-+W71+AB71 < 0, "Negative", "Neutral")) -> Positive | AE71: =ROUND(ABS((V71+AB71+W71+AC71)*3.6)/(G71*3),2) -> 0.3 | AF71: =AND(AE71>=0.3,AE71<=0.8) -> TRUE | AK71: =VLOOKUP(A71,Data!A:F,6,FALSE) -> 10 | AL71: =AK71*G71/1000 -> 0.1215 | AM71: =AL71 -> 0.1215 | AP71: 1 | AQ71: =AO71/AP71 -> 0 | AR71: 0.9 | AS71: =IF(AR71<=Sheet2!$D$2,Sheet2!$C$2,IF(AR71<=Sheet2!$D$3,Sheet2!$C$3,IF(AR71<=Sheet2!$D$4,Sheet2!$C$4,IF(AR71<=Sheet2!$D$5,Sheet2!$C$5,IF(AR71<=Sheet2!$D$6,Sheet2!$C$6,IF(AR71<=Sheet2!$D$7,Sheet2!$C$7,IF(AR71<=Sheet2!$D$8,Sheet2!$C$8,IF(AR71<=Sheet2!$D$9,Sheet2!$C$9,IF(AR71<=Sheet2!$D$10,Sheet2!$C$10,IF(AR71<=Sheet2!$D$11,Sheet2!$C$11,0)))))))))) -> 150 | AT71: =AS71-V71 -> 140 | AY71: =AS71/H71 -> 12.345679 | AZ71: =(AR71/H71*1000)*3.4 -> 251.85185 | BA71: VRV-GF-01 | BB71: =IF(AR71<=Sheet2!$D$2,Sheet2!$B$2,IF(AR71<=Sheet2!$D$3,Sheet2!$B$3,IF(AR71<=Sheet2!$D$4,Sheet2!$B$4,IF(AR71<=Sheet2!$D$5,Sheet2!$B$5,IF(AR71<=Sheet2!$D$6,Sheet2!$B$6,IF(AR71<=Sheet2!$D$7,Sheet2!$B$7,IF(AR71<=Sheet2!$D$8,Sheet2!$B$8,IF(AR71<=Sheet2!$D$9,Sheet2!$B$9,IF(AR71<=Sheet2!$D$10,Sheet2!$B$10,IF(AR71<=Sheet2!$D$11,Sheet2!$B$11,0)))))))))) -> FXSQ20A
A72: Office | B72: 68 | C72: Group 10 | D72: GF-063 | E72: Security Room | F72: غرفة امن | G72: =4.05*3 -> 12.15 | H72: =G72 -> 12.15 | I72: 1 | K72: =I72 -> 1 | L72: 0 | M72: 0 | N72: =VLOOKUP(A72,Data!A:B,2,FALSE) -> 5 | O72: =L72 -> 0 | P72: 22 | Q72: <60 | R72: =VLOOKUP(A72,Data!A:D,4,FALSE) -> 2.5 | S72: =VLOOKUP(A72,Data!A:C,3,FALSE) -> 0.3 | U72: =R72*I72+S72*G72 -> 6.145 | V72: =CEILING(U72,5) -> 10 | Z72: =0.85*V72 -> 8.5 | AA72: =CEILING(Z72,1) -> 9 | AC72: -7 | AD72: =IF(V72+W72+AB72 > 0, "Positive", IF(V72-+W72+AB72 < 0, "Negative", "Neutral")) -> Positive | AE72: =ROUND(ABS((V72+AB72+W72+AC72)*3.6)/(G72*3),2) -> 0.3 | AF72: =AND(AE72>=0.3,AE72<=0.8) -> TRUE | AK72: =VLOOKUP(A72,Data!A:F,6,FALSE) -> 10 | AL72: =AK72*G72/1000 -> 0.1215 | AM72: =AL72 -> 0.1215 | AP72: 1 | AQ72: =AO72/AP72 -> 0 | AR72: 0.9 | AS72: =IF(AR72<=Sheet2!$D$2,Sheet2!$C$2,IF(AR72<=Sheet2!$D$3,Sheet2!$C$3,IF(AR72<=Sheet2!$D$4,Sheet2!$C$4,IF(AR72<=Sheet2!$D$5,Sheet2!$C$5,IF(AR72<=Sheet2!$D$6,Sheet2!$C$6,IF(AR72<=Sheet2!$D$7,Sheet2!$C$7,IF(AR72<=Sheet2!$D$8,Sheet2!$C$8,IF(AR72<=Sheet2!$D$9,Sheet2!$C$9,IF(AR72<=Sheet2!$D$10,Sheet2!$C$10,IF(AR72<=Sheet2!$D$11,Sheet2!$C$11,0)))))))))) -> 150 | AT72: =AS72-V72 -> 140 | AY72: =AS72/H72 -> 12.345679 | AZ72: =(AR72/H72*1000)*3.4 -> 251.85185 | BA72: VRV-GF-01 | BB72: =IF(AR72<=Sheet2!$D$2,Sheet2!$B$2,IF(AR72<=Sheet2!$D$3,Sheet2!$B$3,IF(AR72<=Sheet2!$D$4,Sheet2!$B$4,IF(AR72<=Sheet2!$D$5,Sheet2!$B$5,IF(AR72<=Sheet2!$D$6,Sheet2!$B$6,IF(AR72<=Sheet2!$D$7,Sheet2!$B$7,IF(AR72<=Sheet2!$D$8,Sheet2!$B$8,IF(AR72<=Sheet2!$D$9,Sheet2!$B$9,IF(AR72<=Sheet2!$D$10,Sheet2!$B$10,IF(AR72<=Sheet2!$D$11,Sheet2!$B$11,0)))))))))) -> FXSQ20A
A73: Lobbies | B73: 69 | C73: Group 10 | D73: GF-064 | E73: Lobby | G73: 67.5 | H73: =G73 -> 67.5 | I73: 5 | K73: =I73 -> 5 | L73: 0 | M73: 0 | N73: =VLOOKUP(A73,Data!A:B,2,FALSE) -> 10 | O73: =L73 -> 0 | P73: 22 | Q73: <60 | R73: =VLOOKUP(A73,Data!A:D,4,FALSE) -> 2.5 | S73: =VLOOKUP(A73,Data!A:C,3,FALSE) -> 0.3 | U73: =R73*I73+S73*G73 -> 32.75 | V73: =CEILING(U73,5) -> 35 | Z73: =0.85*V73+8.5 -> 38.25 | AA73: 30 | AC73: -15 | AD73: =IF(V73+W73+AB73 > 0, "Positive", IF(V73-+W73+AB73 < 0, "Negative", "Neutral")) -> Positive | AE73: =ROUND(ABS((V73+AB73+W73+AC73)*3.6)/(G73*3),2) -> 0.36 | AF73: =AND(AE73>=0.3,AE73<=0.8) -> TRUE | AK73: =VLOOKUP(A73,Data!A:F,6,FALSE) -> 10 | AL73: =AK73*G73/1000 -> 0.675 | AM73: =AL73 -> 0.675 | AP73: 1 | AQ73: =AO73/AP73 -> 0 | AR73: 3 | AS73: =IF(AR73<=Sheet2!$D$2,Sheet2!$C$2,IF(AR73<=Sheet2!$D$3,Sheet2!$C$3,IF(AR73<=Sheet2!$D$4,Sheet2!$C$4,IF(AR73<=Sheet2!$D$5,Sheet2!$C$5,IF(AR73<=Sheet2!$D$6,Sheet2!$C$6,IF(AR73<=Sheet2!$D$7,Sheet2!$C$7,IF(AR73<=Sheet2!$D$8,Sheet2!$C$8,IF(AR73<=Sheet2!$D$9,Sheet2!$C$9,IF(AR73<=Sheet2!$D$10,Sheet2!$C$10,IF(AR73<=Sheet2!$D$11,Sheet2!$C$11,0)))))))))) -> 250 | AT73: =AS73-V73 -> 215 | AY73: =AS73/H73 -> 3.7037037 | AZ73: =(AR73/H73*1000)*3.4 -> 151.11111 | BA73: VRV-GF-Common Areas | BB73: =IF(AR73<=Sheet2!$D$2,Sheet2!$B$2,IF(AR73<=Sheet2!$D$3,Sheet2!$B$3,IF(AR73<=Sheet2!$D$4,Sheet2!$B$4,IF(AR73<=Sheet2!$D$5,Sheet2!$B$5,IF(AR73<=Sheet2!$D$6,Sheet2!$B$6,IF(AR73<=Sheet2!$D$7,Sheet2!$B$7,IF(AR73<=Sheet2!$D$8,Sheet2!$B$8,IF(AR73<=Sheet2!$D$9,Sheet2!$B$9,IF(AR73<=Sheet2!$D$10,Sheet2!$B$10,IF(AR73<=Sheet2!$D$11,Sheet2!$B$11,0)))))))))) -> FXSQ40A
A74: Lobbies | B74: 70 | C74: Group 10 | D74: GF-065 | E74: Lobby | G74: 67.5 | H74: =G74 -> 67.5 | I74: 5 | K74: =I74 -> 5 | L74: 0 | M74: 0 | N74: =VLOOKUP(A74,Data!A:B,2,FALSE) -> 10 | O74: =L74 -> 0 | P74: 22 | Q74: <60 | R74: =VLOOKUP(A74,Data!A:D,4,FALSE) -> 2.5 | S74: =VLOOKUP(A74,Data!A:C,3,FALSE) -> 0.3 | U74: =R74*I74+S74*G74 -> 32.75 | V74: =CEILING(U74,5) -> 35 | Z74: =0.85*V74+8.5 -> 38.25 | AA74: 30 | AC74: -15 | AD74: =IF(V74+W74+AB74 > 0, "Positive", IF(V74-+W74+AB74 < 0, "Negative", "Neutral")) -> Positive | AE74: =ROUND(ABS((V74+AB74+W74+AC74)*3.6)/(G74*3),2) -> 0.36 | AF74: =AND(AE74>=0.3,AE74<=0.8) -> TRUE | AK74: =VLOOKUP(A74,Data!A:F,6,FALSE) -> 10 | AL74: =AK74*G74/1000 -> 0.675 | AM74: =AL74 -> 0.675 | AP74: 1 | AQ74: =AO74/AP74 -> 0 | AR74: 2.9 | AS74: =IF(AR74<=Sheet2!$D$2,Sheet2!$C$2,IF(AR74<=Sheet2!$D$3,Sheet2!$C$3,IF(AR74<=Sheet2!$D$4,Sheet2!$C$4,IF(AR74<=Sheet2!$D$5,Sheet2!$C$5,IF(AR74<=Sheet2!$D$6,Sheet2!$C$6,IF(AR74<=Sheet2!$D$7,Sheet2!$C$7,IF(AR74<=Sheet2!$D$8,Sheet2!$C$8,IF(AR74<=Sheet2!$D$9,Sheet2!$C$9,IF(AR74<=Sheet2!$D$10,Sheet2!$C$10,IF(AR74<=Sheet2!$D$11,Sheet2!$C$11,0)))))))))) -> 250 | AT74: =AS74-V74 -> 215 | AY74: =AS74/H74 -> 3.7037037 | AZ74: =(AR74/H74*1000)*3.4 -> 146.07407 | BA74: VRV-GF-Common Areas | BB74: =IF(AR74<=Sheet2!$D$2,Sheet2!$B$2,IF(AR74<=Sheet2!$D$3,Sheet2!$B$3,IF(AR74<=Sheet2!$D$4,Sheet2!$B$4,IF(AR74<=Sheet2!$D$5,Sheet2!$B$5,IF(AR74<=Sheet2!$D$6,Sheet2!$B$6,IF(AR74<=Sheet2!$D$7,Sheet2!$B$7,IF(AR74<=Sheet2!$D$8,Sheet2!$B$8,IF(AR74<=Sheet2!$D$9,Sheet2!$B$9,IF(AR74<=Sheet2!$D$10,Sheet2!$B$10,IF(AR74<=Sheet2!$D$11,Sheet2!$B$11,0)))))))))) -> FXSQ40A
A75: Corridor | B75: 71 | C75: Group 10 | D75: GF-066 | E75: Circulation Area | G75: 167 | H75: =G75 -> 167 | I75: 0 | K75: =I75 -> 0 | L75: 0 | M75: 0 | N75: =VLOOKUP(A75,Data!A:B,2,FALSE) -> 0 | O75: =L75 -> 0 | P75: 22 | Q75: <60 | R75: =VLOOKUP(A75,Data!A:D,4,FALSE) -> 0 | S75: =VLOOKUP(A75,Data!A:C,3,FALSE) -> 0.3 | U75: =R75*I75+S75*G75 -> 50.1 | V75: =CEILING(U75,5) -> 55 | Z75: =0.85*V75+8.5*2 -> 63.75 | AA75: 50 | AD75: =IF(V75+W75+AB75 > 0, "Positive", IF(V75-+W75+AB75 < 0, "Negative", "Neutral")) -> Positive | AE75: =ROUND(ABS((V75+AB75+W75+AC75)*3.6)/(G75*3),2) -> 0.4 | AF75: =AND(AE75>=0.3,AE75<=0.8) -> TRUE | AK75: =VLOOKUP(A75,Data!A:F,6,FALSE) -> 10 | AL75: =AK75*G75/1000 -> 1.67 | AM75: =AL75 -> 1.67 | AP75: 1 | AQ75: =AO75/AP75 -> 0 | AR75: 14.5 | AS75: =IF(AR75<=Sheet2!$D$2,Sheet2!$C$2,IF(AR75<=Sheet2!$D$3,Sheet2!$C$3,IF(AR75<=Sheet2!$D$4,Sheet2!$C$4,IF(AR75<=Sheet2!$D$5,Sheet2!$C$5,IF(AR75<=Sheet2!$D$6,Sheet2!$C$6,IF(AR75<=Sheet2!$D$7,Sheet2!$C$7,IF(AR75<=Sheet2!$D$8,Sheet2!$C$8,IF(AR75<=Sheet2!$D$9,Sheet2!$C$9,IF(AR75<=Sheet2!$D$10,Sheet2!$C$10,IF(AR75<=Sheet2!$D$11,Sheet2!$C$11,0)))))))))) -> 0 | AT75: =AS75-V75 -> -55 | AY75: =AS75/H75 -> 0 | AZ75: =(AR75/H75*1000)*3.4 -> 295.20958 | BA75: VRV-GF-Common Areas | BB75: =IF(AR75<=Sheet2!$D$2,Sheet2!$B$2,IF(AR75<=Sheet2!$D$3,Sheet2!$B$3,IF(AR75<=Sheet2!$D$4,Sheet2!$B$4,IF(AR75<=Sheet2!$D$5,Sheet2!$B$5,IF(AR75<=Sheet2!$D$6,Sheet2!$B$6,IF(AR75<=Sheet2!$D$7,Sheet2!$B$7,IF(AR75<=Sheet2!$D$8,Sheet2!$B$8,IF(AR75<=Sheet2!$D$9,Sheet2!$B$9,IF(AR75<=Sheet2!$D$10,Sheet2!$B$10,IF(AR75<=Sheet2!$D$11,Sheet2!$B$11,0)))))))))) -> 0 | BD75: `
A76: Lobbies | B76: 70 | C76: Group 10 | D76: GF-067 | E76: Main Entrance Hall | G76: 124 | H76: =G76 -> 124 | I76: 32 | K76: 32 | L76: 0 | M76: 0 | N76: =VLOOKUP(A76,Data!A:B,2,FALSE) -> 10 | O76: =L76 -> 0 | P76: 22 | Q76: <60 | R76: =VLOOKUP(A76,Data!A:D,4,FALSE) -> 2.5 | S76: =VLOOKUP(A76,Data!A:C,3,FALSE) -> 0.3 | U76: =R76*I76+S76*G76 -> 117.2 | V76: =CEILING(U76,5) -> 120 | Z76: =0.85*V76 -> 102 | AA76: =CEILING(Z76,1) -> 102 | AC76: -85 | AD76: =IF(V76+W76+AB76 > 0, "Positive", IF(V76-+W76+AB76 < 0, "Negative", "Neutral")) -> Positive | AE76: =ROUND(ABS((V76+AB76+W76+AC76)*3.6)/(G76*3),2) -> 0.34 | AF76: =AND(AE76>=0.3,AE76<=0.8) -> TRUE | AK76: =VLOOKUP(A76,Data!A:F,6,FALSE) -> 10 | AL76: =AK76*G76/1000 -> 1.24 | AM76: =AL76 -> 1.24 | AP76: 1 | AQ76: =AO76/AP76 -> 0 | AR76: 23.9 | AS76: =IF(AR76<=Sheet2!$D$2,Sheet2!$C$2,IF(AR76<=Sheet2!$D$3,Sheet2!$C$3,IF(AR76<=Sheet2!$D$4,Sheet2!$C$4,IF(AR76<=Sheet2!$D$5,Sheet2!$C$5,IF(AR76<=Sheet2!$D$6,Sheet2!$C$6,IF(AR76<=Sheet2!$D$7,Sheet2!$C$7,IF(AR76<=Sheet2!$D$8,Sheet2!$C$8,IF(AR76<=Sheet2!$D$9,Sheet2!$C$9,IF(AR76<=Sheet2!$D$10,Sheet2!$C$10,IF(AR76<=Sheet2!$D$11,Sheet2!$C$11,0)))))))))) -> 0 | AT76: =AS76-V76 -> -120 | AY76: =AS76/H76 -> 0 | AZ76: =(AR76/H76*1000)*3.4 -> 655.32258 | BA76: VRV-GF-Common Areas | BB76: =IF(AR76<=Sheet2!$D$2,Sheet2!$B$2,IF(AR76<=Sheet2!$D$3,Sheet2!$B$3,IF(AR76<=Sheet2!$D$4,Sheet2!$B$4,IF(AR76<=Sheet2!$D$5,Sheet2!$B$5,IF(AR76<=Sheet2!$D$6,Sheet2!$B$6,IF(AR76<=Sheet2!$D$7,Sheet2!$B$7,IF(AR76<=Sheet2!$D$8,Sheet2!$B$8,IF(AR76<=Sheet2!$D$9,Sheet2!$B$9,IF(AR76<=Sheet2!$D$10,Sheet2!$B$10,IF(AR76<=Sheet2!$D$11,Sheet2!$B$11,0)))))))))) -> 0
A77: Waiting Area | B77: 72 | C77: Group-1 | D77: FF-001 | E77: Washers Resting Area | G77: =5*5.9 -> 29.5 | H77: =G77 -> 29.5 | I77: 11 | K77: =I77 -> 11 | N77: 50 | P77: 22 | Q77: <60 | R77: 3.8 | S77: 0.3 | U77: =R77*I77+S77*G77 -> 50.65 | V77: 55 | W77: -40 | Y77: =0.85*V77 -> 46.75 | Z77: 45 | AB77: 0 | AD77: =IF(V77+W77+AB77 > 0, "Positive", IF(V77-+W77+AB77 < 0, "Negative", "Neutral")) -> Positive | AE77: =ROUND(ABS((V77+AB77+W77+AC77)*3.6)/(G77*3),2) -> 0.61 | AF77: =AND(AE77>=0.3,AE77<=0.8) -> TRUE | AK77: 10 | AL77: =AK77*G77/1000 -> 0.295 | AM77: =AL77 -> 0.295 | AN77: 4.9 | AO77: 4.9 | AP77: 1 | AQ77: =AO77/AP77 -> 4.9 | AR77: 4.9 | AS77: =IF(AR77<=Sheet2!$D$2,Sheet2!$C$2,IF(AR77<=Sheet2!$D$3,Sheet2!$C$3,IF(AR77<=Sheet2!$D$4,Sheet2!$C$4,IF(AR77<=Sheet2!$D$5,Sheet2!$C$5,IF(AR77<=Sheet2!$D$6,Sheet2!$C$6,IF(AR77<=Sheet2!$D$7,Sheet2!$C$7,IF(AR77<=Sheet2!$D$8,Sheet2!$C$8,IF(AR77<=Sheet2!$D$9,Sheet2!$C$9,IF(AR77<=Sheet2!$D$10,Sheet2!$C$10,IF(AR77<=Sheet2!$D$11,Sheet2!$C$11,0)))))))))) -> 383 | AT77: =AS77-V77 -> 328 | AY77: =AS77/H77 -> 12.983051 | AZ77: =(AR77/H77*1000)*3.4 -> 564.74576 | BA77: VRV-1F-01 | BB77: =IF(AR77<=Sheet2!$D$2,Sheet2!$B$2,IF(AR77<=Sheet2!$D$3,Sheet2!$B$3,IF(AR77<=Sheet2!$D$4,Sheet2!$B$4,IF(AR77<=Sheet2!$D$5,Sheet2!$B$5,IF(AR77<=Sheet2!$D$6,Sheet2!$B$6,IF(AR77<=Sheet2!$D$7,Sheet2!$B$7,IF(AR77<=Sheet2!$D$8,Sheet2!$B$8,IF(AR77<=Sheet2!$D$9,Sheet2!$B$9,IF(AR77<=Sheet2!$D$10,Sheet2!$B$10,IF(AR77<=Sheet2!$D$11,Sheet2!$B$11,0)))))))))) -> FXSQ80A
A78: Laundry Room | B78: 73 | C78: Group-1 | D78: FF-002 | E78: Laundry Room | F78: غرفة غسيل | G78: 15 | H78: =G78 -> 15 | I78: 0 | K78: =I78 -> 0 | L78: 0 | M78: 0 | N78: =VLOOKUP(A78,Data!A:B,2,FALSE) -> 0 | O78: =L78 -> 0 | P78: 22 | Q78: <60 | R78: =VLOOKUP(A78,Data!A:D,4,FALSE) -> 0 | S78: =VLOOKUP(A78,Data!A:C,3,FALSE) -> 0 | W78: 65 | X78: =VLOOKUP(A78,Data!A:E,5,FALSE) -> 5 | Z78: =X78*G78 -> 75 | AA78: =CEILING(Z78,1) -> 75 | AB78: =(CEILING(AA78,1))*-1 -> -75 | AD78: =IF(V78+W78+AB78 > 0, "Positive", IF(V78-+W78+AB78 < 0, "Negative", "Neutral")) -> Negative | AE78: =ROUND(ABS((V78+AB78+W78+AC78)*3.6)/(G78*3),2) -> 0.8 | AF78: =AND(AE78>=0.3,AE78<=0.8) -> TRUE | AK78: =VLOOKUP(A78,Data!A:F,6,FALSE) -> 10 | AL78: =AK78*G78/1000 -> 0.15 | AM78: =AL78 -> 0.15 | AN78: 6.9 | AO78: 6.6 | AP78: 1 | AQ78: =AO78/AP78 -> 6.6 | AR78: 6.6 | AS78: =IF(AR78<=Sheet2!$D$2,Sheet2!$C$2,IF(AR78<=Sheet2!$D$3,Sheet2!$C$3,IF(AR78<=Sheet2!$D$4,Sheet2!$C$4,IF(AR78<=Sheet2!$D$5,Sheet2!$C$5,IF(AR78<=Sheet2!$D$6,Sheet2!$C$6,IF(AR78<=Sheet2!$D$7,Sheet2!$C$7,IF(AR78<=Sheet2!$D$8,Sheet2!$C$8,IF(AR78<=Sheet2!$D$9,Sheet2!$C$9,IF(AR78<=Sheet2!$D$10,Sheet2!$C$10,IF(AR78<=Sheet2!$D$11,Sheet2!$C$11,0)))))))))) -> 533 | AT78: =AS78-V78 -> 533 | AY78: =AS78/H78 -> 35.533333 | AZ78: =(AR78/H78*1000)*3.4 -> 1496 | BA78: VRV-1F-01 | BB78: =IF(AR78<=Sheet2!$D$2,Sheet2!$B$2,IF(AR78<=Sheet2!$D$3,Sheet2!$B$3,IF(AR78<=Sheet2!$D$4,Sheet2!$B$4,IF(AR78<=Sheet2!$D$5,Sheet2!$B$5,IF(AR78<=Sheet2!$D$6,Sheet2!$B$6,IF(AR78<=Sheet2!$D$7,Sheet2!$B$7,IF(AR78<=Sheet2!$D$8,Sheet2!$B$8,IF(AR78<=Sheet2!$D$9,Sheet2!$B$9,IF(AR78<=Sheet2!$D$10,Sheet2!$B$10,IF(AR78<=Sheet2!$D$11,Sheet2!$B$11,0)))))))))) -> FXSQ100A
A79: Cafeteria | B79: 74 | C79: Group 2 | D79: FF-003 | E79: Buffet | F79: بوفية | G79: =2.5*5 -> 12.5 | H79: =G79 -> 12.5 | I79: 3 | K79: =I79 -> 3 | N79: =VLOOKUP(A79,Data!A:B,2,FALSE) -> 100 | P79: 22 | Q79: <60 | R79: 3.8 | S79: =VLOOKUP(A79,Data!A:C,3,FALSE) -> 0.9 | U79: =R79*I79+S79*G79 -> 22.65 | V79: 20 | Z79: =G79*1.5 -> 18.75 | AA79: =CEILING(Z79,1) -> 19 | AB79: -25 | AD79: =IF(V79+W79+AB79 > 0, "Positive", IF(V79-+W79+AB79 < 0, "Negative", "Neutral")) -> Negative | AE79: =ROUND(ABS((V79+AB79+W79+AC79)*3.6)/(G79*3),2) -> 0.48 | AF79: =AND(AE79>=0.3,AE79<=0.8) -> TRUE | AK79: =VLOOKUP(A79,Data!A:F,6,FALSE) -> 10 | AL79: =AK79*G79/1000 -> 0.125 | AM79: =AL79 -> 0.125 | AN79: 0.8 | AO79: 0.8 | AP79: 1 | AQ79: =AO79/AP79 -> 0.8 | AR79: 0.8 | AS79: =IF(AR79<=Sheet2!$D$2,Sheet2!$C$2,IF(AR79<=Sheet2!$D$3,Sheet2!$C$3,IF(AR79<=Sheet2!$D$4,Sheet2!$C$4,IF(AR79<=Sheet2!$D$5,Sheet2!$C$5,IF(AR79<=Sheet2!$D$6,Sheet2!$C$6,IF(AR79<=Sheet2!$D$7,Sheet2!$C$7,IF(AR79<=Sheet2!$D$8,Sheet2!$C$8,IF(AR79<=Sheet2!$D$9,Sheet2!$C$9,IF(AR79<=Sheet2!$D$10,Sheet2!$C$10,IF(AR79<=Sheet2!$D$11,Sheet2!$C$11,0)))))))))) -> 150 | AT79: =AS79-V79 -> 130 | AY79: =AS79/H79 -> 12 | AZ79: =(AR79/H79*1000)*3.4 -> 217.6 | BA79: VRV-1F-01 | BB79: =IF(AR79<=Sheet2!$D$2,Sheet2!$B$2,IF(AR79<=Sheet2!$D$3,Sheet2!$B$3,IF(AR79<=Sheet2!$D$4,Sheet2!$B$4,IF(AR79<=Sheet2!$D$5,Sheet2!$B$5,IF(AR79<=Sheet2!$D$6,Sheet2!$B$6,IF(AR79<=Sheet2!$D$7,Sheet2!$B$7,IF(AR79<=Sheet2!$D$8,Sheet2!$B$8,IF(AR79<=Sheet2!$D$9,Sheet2!$B$9,IF(AR79<=Sheet2!$D$10,Sheet2!$B$10,IF(AR79<=Sheet2!$D$11,Sheet2!$B$11,0)))))))))) -> FXSQ20A
A80: bathroom | B80: 75 | C80: Group 2 | D80: FF-004 | E80: Women's Rest Room | F80: دورة مياه نساء | G80: =4.5*(5.7+1.8) -> 33.75 | H80: =G80 -> 33.75 | I80: 5 | K80: =I80 -> 5 | L80: 0 | M80: 0 | N80: =VLOOKUP(A80,Data!A:B,2,FALSE) -> 0 | O80: =L80 -> 0 | P80: 22 | Q80: <60 | R80: =VLOOKUP(A80,Data!A:D,4,FALSE) -> 0 | S80: =VLOOKUP(A80,Data!A:C,3,FALSE) -> 0 | U80: =Z80*0.85 -> 127.5 | W80: 130 | X80: 25 | Y80: 6 | Z80: =Y80*X80 -> 150 | AA80: =CEILING(Z80,1) -> 150 | AB80: -150 | AD80: =IF(V80+W80+AB80 > 0, "Positive", IF(V80-+W80+AB80 < 0, "Negative", "Neutral")) -> Negative | AE80: =ROUND(ABS((V80+AB80+W80+AC80)*3.6)/(G80*3),2) -> 0.71 | AF80: =AND(AE80>=0.3,AE80<=0.8) -> TRUE | AK80: =VLOOKUP(A80,Data!A:F,6,FALSE) -> 10 | AL80: =AK80*G80/1000 -> 0.3375 | AM80: =AL80 -> 0.3375 | AN80: 3.4 | AO80: 2.8 | AP80: 1 | AQ80: =AO80/AP80 -> 2.8 | AR80: 2.8 | AS80: =IF(AR80<=Sheet2!$D$2,Sheet2!$C$2,IF(AR80<=Sheet2!$D$3,Sheet2!$C$3,IF(AR80<=Sheet2!$D$4,Sheet2!$C$4,IF(AR80<=Sheet2!$D$5,Sheet2!$C$5,IF(AR80<=Sheet2!$D$6,Sheet2!$C$6,IF(AR80<=Sheet2!$D$7,Sheet2!$C$7,IF(AR80<=Sheet2!$D$8,Sheet2!$C$8,IF(AR80<=Sheet2!$D$9,Sheet2!$C$9,IF(AR80<=Sheet2!$D$10,Sheet2!$C$10,IF(AR80<=Sheet2!$D$11,Sheet2!$C$11,0)))))))))) -> 250 | AT80: =AS80-V80 -> 250 | AY80: =AS80/H80 -> 7.4074074 | AZ80: =(AR80/H80*1000)*3.4 -> 282.07407 | BA80: VRV-1F-01 | BB80: =IF(AR80<=Sheet2!$D$2,Sheet2!$B$2,IF(AR80<=Sheet2!$D$3,Sheet2!$B$3,IF(AR80<=Sheet2!$D$4,Sheet2!$B$4,IF(AR80<=Sheet2!$D$5,Sheet2!$B$5,IF(AR80<=Sheet2!$D$6,Sheet2!$B$6,IF(AR80<=Sheet2!$D$7,Sheet2!$B$7,IF(AR80<=Sheet2!$D$8,Sheet2!$B$8,IF(AR80<=Sheet2!$D$9,Sheet2!$B$9,IF(AR80<=Sheet2!$D$10,Sheet2!$B$10,IF(AR80<=Sheet2!$D$11,Sheet2!$B$11,0)))))))))) -> FXSQ40A
A81: bathroom | B81: 76 | C81: Group 3 | D81: FF-005 | E81: Bathroom | F81: حمام | G81: =3.5*2.5 -> 8.75 | H81: =G81 -> 8.75 | I81: 1 | K81: =I81 -> 1 | N81: =VLOOKUP(A81,Data!A:B,2,FALSE) -> 0 | P81: 22 | Q81: <60 | R81: =VLOOKUP(A81,Data!A:D,4,FALSE) -> 0 | S81: =VLOOKUP(A81,Data!A:C,3,FALSE) -> 0 | U81: =R81*I81+S81*G81 -> 0 | V81: =CEILING(U81,5) -> 0 | W81: 20 | X81: 25 | Y81: 1 | Z81: =X81*Y81 -> 25 | AA81: =CEILING(Z81,1) -> 25 | AB81: =(CEILING(AA81,1))*-1 -> -25 | AD81: =IF(V81+W81+AB81 > 0, "Positive", IF(V81-+W81+AB81 < 0, "Negative", "Neutral")) -> Negative | AE81: =ROUND(ABS((V81+AB81+W81+AC81)*3.6)/(G81*3),2) -> 0.69 | AF81: =AND(AE81>=0.3,AE81<=0.8) -> TRUE | AK81: =VLOOKUP(A81,Data!A:F,6,FALSE) -> 10 | AL81: =AK81*G81/1000 -> 0.0875 | AM81: =AL81 -> 0.0875 | AN81: 1.8 | AO81: 1.6 | AP81: 1 | AQ81: =AO81/AP81 -> 1.6 | AR81: =IF(AQ81<[1]Sheet2!$D$2,[1]Sheet2!$D$2,IF(AQ81<[1]Sheet2!$D$3,[1]Sheet2!$D$3,IF(AQ81<[1]Sheet2!$D$4,[1]Sheet2!$D$4,IF(AQ81<[1]Sheet2!$D$5,[1]Sheet2!$D$5,IF(AQ81<[1]Sheet2!$D$6,[1]Sheet2!$D$6,IF(AQ81<[1]Sheet2!$D$7,[1]Sheet2!$D$7,IF(AQ81<[1]Sheet2!$D$8,[1]Sheet2!$D$8,IF(AQ81<[1]Sheet2!$D$9,[1]Sheet2!$D$9,IF(AQ81<[1]Sheet2!$D$10,[1]Sheet2!$D$10,IF(AQ81<[1]Sheet2!$D$11,0)))))))))) -> 1.8 | AS81: =IF(AR81<=Sheet2!$D$2,Sheet2!$C$2,IF(AR81<=Sheet2!$D$3,Sheet2!$C$3,IF(AR81<=Sheet2!$D$4,Sheet2!$C$4,IF(AR81<=Sheet2!$D$5,Sheet2!$C$5,IF(AR81<=Sheet2!$D$6,Sheet2!$C$6,IF(AR81<=Sheet2!$D$7,Sheet2!$C$7,IF(AR81<=Sheet2!$D$8,Sheet2!$C$8,IF(AR81<=Sheet2!$D$9,Sheet2!$C$9,IF(AR81<=Sheet2!$D$10,Sheet2!$C$10,IF(AR81<=Sheet2!$D$11,Sheet2!$C$11,0)))))))))) -> 150 | AT81: =AS81-V81 -> 150 | AY81: =AS81/H81 -> 17.142857 | AZ81: =(AR81/H81*1000)*3.4 -> 699.42857 | BA81: VRV-1F-01 | BB81: =IF(AR81<=Sheet2!$D$2,Sheet2!$B$2,IF(AR81<=Sheet2!$D$3,Sheet2!$B$3,IF(AR81<=Sheet2!$D$4,Sheet2!$B$4,IF(AR81<=Sheet2!$D$5,Sheet2!$B$5,IF(AR81<=Sheet2!$D$6,Sheet2!$B$6,IF(AR81<=Sheet2!$D$7,Sheet2!$B$7,IF(AR81<=Sheet2!$D$8,Sheet2!$B$8,IF(AR81<=Sheet2!$D$9,Sheet2!$B$9,IF(AR81<=Sheet2!$D$10,Sheet2!$B$10,IF(AR81<=Sheet2!$D$11,Sheet2!$B$11,0)))))))))) -> FXSQ25A
A82: Office | B82: 77 | C82: Group 2 | D82: FF-006 | E82: Maintenance Team Office | F82: مكتب فريق الصيانة | G82: =3.5*5 -> 17.5 | H82: =G82 -> 17.5 | I82: 3 | K82: =I82 -> 3 | L82: 0 | M82: 0 | N82: =VLOOKUP(A82,Data!A:B,2,FALSE) -> 5 | O82: =L82 -> 0 | P82: 22 | Q82: <60 | R82: =VLOOKUP(A82,Data!A:D,4,FALSE) -> 2.5 | S82: =VLOOKUP(A82,Data!A:C,3,FALSE) -> 0.3 | U82: =R82*I82+S82*G82 -> 12.75 | V82: =CEILING(U82,5) -> 15 | Z82: =0.85*V82 -> 12.75 | AA82: 0 | AB82: 0 | AC82: -10 | AD82: =IF(V82+W82+AB82 > 0, "Positive", IF(V82-+W82+AB82 < 0, "Negative", "Neutral")) -> Positive | AE82: =ROUND(ABS((V82+AB82+W82+AC82)*3.6)/(G82*3),2) -> 0.34 | AF82: =AND(AE82>=0.3,AE82<=0.8) -> TRUE | AK82: =VLOOKUP(A82,Data!A:F,6,FALSE) -> 10 | AL82: =AK82*G82/1000 -> 0.175 | AM82: =AL82 -> 0.175 | AN82: 1.6 | AO82: 1.6 | AP82: 1 | AQ82: =AO82/AP82 -> 1.6 | AR82: 1.6 | AS82: =IF(AR82<=Sheet2!$D$2,Sheet2!$C$2,IF(AR82<=Sheet2!$D$3,Sheet2!$C$3,IF(AR82<=Sheet2!$D$4,Sheet2!$C$4,IF(AR82<=Sheet2!$D$5,Sheet2!$C$5,IF(AR82<=Sheet2!$D$6,Sheet2!$C$6,IF(AR82<=Sheet2!$D$7,Sheet2!$C$7,IF(AR82<=Sheet2!$D$8,Sheet2!$C$8,IF(AR82<=Sheet2!$D$9,Sheet2!$C$9,IF(AR82<=Sheet2!$D$10,Sheet2!$C$10,IF(AR82<=Sheet2!$D$11,Sheet2!$C$11,0)))))))))) -> 150 | AT82: =AS82-V82 -> 135 | AY82: =AS82/H82 -> 8.5714286 | AZ82: =(AR82/H82*1000)*3.4 -> 310.85714 | BA82: VRV-1F-01 | BB82: =IF(AR82<=Sheet2!$D$2,Sheet2!$B$2,IF(AR82<=Sheet2!$D$3,Sheet2!$B$3,IF(AR82<=Sheet2!$D$4,Sheet2!$B$4,IF(AR82<=Sheet2!$D$5,Sheet2!$B$5,IF(AR82<=Sheet2!$D$6,Sheet2!$B$6,IF(AR82<=Sheet2!$D$7,Sheet2!$B$7,IF(AR82<=Sheet2!$D$8,Sheet2!$B$8,IF(AR82<=Sheet2!$D$9,Sheet2!$B$9,IF(AR82<=Sheet2!$D$10,Sheet2!$B$10,IF(AR82<=Sheet2!$D$11,Sheet2!$B$11,0)))))))))) -> FXSQ25A
A83: Office | B83: 78 | C83: Group 3 | D83: FF-007 | E83: General Supervisor's Secretary | F83: سكرتير المشرف العام | G83: =4*5 -> 20 | H83: =G83 -> 20 | I83: 3 | K83: =I83 -> 3 | N83: =VLOOKUP(A83,Data!A:B,2,FALSE) -> 5 | P83: 22 | Q83: <60 | R83: =VLOOKUP(A83,Data!A:D,4,FALSE) -> 2.5 | S83: =VLOOKUP(A83,Data!A:C,3,FALSE) -> 0.3 | U83: =R83*I83+S83*G83 -> 13.5 | V83: =CEILING(U83,5) -> 15 | Z83: =0.85*V83 -> 12.75 | AB83: 0 | AC83: -10 | AD83: =IF(V83+W83+AB83 > 0, "Positive", IF(V83-+W83+AB83 < 0, "Negative", "Neutral")) -> Positive | AE83: =ROUND(ABS((V83+AB83+W83+AC83)*3.6)/(G83*3),2) -> 0.3 | AF83: =AND(AE83>=0.3,AE83<=0.8) -> TRUE | AK83: =VLOOKUP(A83,Data!A:F,6,FALSE) -> 10 | AL83: =AK83*G83/1000 -> 0.2 | AM83: =AL83 -> 0.2 | AN83: 1.7 | AO83: 1.7 | AP83: 1 | AQ83: =AO83/AP83 -> 1.7 | AR83: =IF(AQ83<[1]Sheet2!$D$2,[1]Sheet2!$D$2,IF(AQ83<[1]Sheet2!$D$3,[1]Sheet2!$D$3,IF(AQ83<[1]Sheet2!$D$4,[1]Sheet2!$D$4,IF(AQ83<[1]Sheet2!$D$5,[1]Sheet2!$D$5,IF(AQ83<[1]Sheet2!$D$6,[1]Sheet2!$D$6,IF(AQ83<[1]Sheet2!$D$7,[1]Sheet2!$D$7,IF(AQ83<[1]Sheet2!$D$8,[1]Sheet2!$D$8,IF(AQ83<[1]Sheet2!$D$9,[1]Sheet2!$D$9,IF(AQ83<[1]Sheet2!$D$10,[1]Sheet2!$D$10,IF(AQ83<[1]Sheet2!$D$11,0)))))))))) -> 1.8 | AS83: =IF(AR83<=Sheet2!$D$2,Sheet2!$C$2,IF(AR83<=Sheet2!$D$3,Sheet2!$C$3,IF(AR83<=Sheet2!$D$4,Sheet2!$C$4,IF(AR83<=Sheet2!$D$5,Sheet2!$C$5,IF(AR83<=Sheet2!$D$6,Sheet2!$C$6,IF(AR83<=Sheet2!$D$7,Sheet2!$C$7,IF(AR83<=Sheet2!$D$8,Sheet2!$C$8,IF(AR83<=Sheet2!$D$9,Sheet2!$C$9,IF(AR83<=Sheet2!$D$10,Sheet2!$C$10,IF(AR83<=Sheet2!$D$11,Sheet2!$C$11,0)))))))))) -> 150 | AT83: =AS83-V83 -> 135 | AY83: =AS83/H83 -> 7.5 | AZ83: =(AR83/H83*1000)*3.4 -> 306 | BA83: VRV-1F-01 | BB83: =IF(AR83<=Sheet2!$D$2,Sheet2!$B$2,IF(AR83<=Sheet2!$D$3,Sheet2!$B$3,IF(AR83<=Sheet2!$D$4,Sheet2!$B$4,IF(AR83<=Sheet2!$D$5,Sheet2!$B$5,IF(AR83<=Sheet2!$D$6,Sheet2!$B$6,IF(AR83<=Sheet2!$D$7,Sheet2!$B$7,IF(AR83<=Sheet2!$D$8,Sheet2!$B$8,IF(AR83<=Sheet2!$D$9,Sheet2!$B$9,IF(AR83<=Sheet2!$D$10,Sheet2!$B$10,IF(AR83<=Sheet2!$D$11,Sheet2!$B$11,0)))))))))) -> FXSQ25A
A84: Office | B84: 79 | C84: Group 3 | D84: FF-008 | E84: General Supervisor's Office | F84: مكتب المشرف العام | G84: =12.8*5.2 -> 66.56 | H84: =G84 -> 66.56 | I84: 15 | K84: =I84 -> 15 | L84: 0 | M84: 0 | N84: =VLOOKUP(A84,Data!A:B,2,FALSE) -> 5 | O84: =L84 -> 0 | P84: 22 | Q84: <60 | R84: =VLOOKUP(A84,Data!A:D,4,FALSE) -> 2.5 | S84: =VLOOKUP(A84,Data!A:C,3,FALSE) -> 0.3 | U84: =R84*I84+S84*G84 -> 57.468 | V84: =CEILING(U84,5) -> 60 | W84: -20 | Z84: =0.85*V84 -> 51 | AB84: 0 | AC84: -20 | AD84: =IF(V84+W84+AB84 > 0, "Positive", IF(V84-+W84+AB84 < 0, "Negative", "Neutral")) -> Positive | AE84: =ROUND(ABS((V84+AB84+W84+AC84)*3.6)/(G84*3),2) -> 0.36 | AF84: =AND(AE84>=0.3,AE84<=0.8) -> TRUE | AK84: =VLOOKUP(A84,Data!A:F,6,FALSE) -> 10 | AL84: =AK84*G84/1000 -> 0.6656 | AM84: =AL84 -> 0.6656 | AN84: 10 | AO84: 10 | AP84: 2 | AQ84: =AO84/AP84 -> 5 | AR84: =IF(AQ84<[1]Sheet2!$D$2,[1]Sheet2!$D$2,IF(AQ84<[1]Sheet2!$D$3,[1]Sheet2!$D$3,IF(AQ84<[1]Sheet2!$D$4,[1]Sheet2!$D$4,IF(AQ84<[1]Sheet2!$D$5,[1]Sheet2!$D$5,IF(AQ84<[1]Sheet2!$D$6,[1]Sheet2!$D$6,IF(AQ84<[1]Sheet2!$D$7,[1]Sheet2!$D$7,IF(AQ84<[1]Sheet2!$D$8,[1]Sheet2!$D$8,IF(AQ84<[1]Sheet2!$D$9,[1]Sheet2!$D$9,IF(AQ84<[1]Sheet2!$D$10,[1]Sheet2!$D$10,IF(AQ84<[1]Sheet2!$D$11,0)))))))))) -> 5.8 | AS84: =IF(AR84<=Sheet2!$D$2,Sheet2!$C$2,IF(AR84<=Sheet2!$D$3,Sheet2!$C$3,IF(AR84<=Sheet2!$D$4,Sheet2!$C$4,IF(AR84<=Sheet2!$D$5,Sheet2!$C$5,IF(AR84<=Sheet2!$D$6,Sheet2!$C$6,IF(AR84<=Sheet2!$D$7,Sheet2!$C$7,IF(AR84<=Sheet2!$D$8,Sheet2!$C$8,IF(AR84<=Sheet2!$D$9,Sheet2!$C$9,IF(AR84<=Sheet2!$D$10,Sheet2!$C$10,IF(AR84<=Sheet2!$D$11,Sheet2!$C$11,0)))))))))) -> 383 | AT84: =AS84-V84 -> 323 | AY84: =AS84/H84 -> 5.7542067 | AZ84: =(AR84/H84*1000)*3.4 -> 296.27404 | BA84: VRV-1F-01 | BB84: =IF(AR84<=Sheet2!$D$2,Sheet2!$B$2,IF(AR84<=Sheet2!$D$3,Sheet2!$B$3,IF(AR84<=Sheet2!$D$4,Sheet2!$B$4,IF(AR84<=Sheet2!$D$5,Sheet2!$B$5,IF(AR84<=Sheet2!$D$6,Sheet2!$B$6,IF(AR84<=Sheet2!$D$7,Sheet2!$B$7,IF(AR84<=Sheet2!$D$8,Sheet2!$B$8,IF(AR84<=Sheet2!$D$9,Sheet2!$B$9,IF(AR84<=Sheet2!$D$10,Sheet2!$B$10,IF(AR84<=Sheet2!$D$11,Sheet2!$B$11,0)))))))))) -> FXSQ80A
A85: Meeting room | B85: 80 | C85: Group 3 | D85: FF-009 | E85: Meeting Room | F85: غرفة اجتماعات | G85: =8.2*5 -> 41 | H85: =G85 -> 41 | I85: 12 | K85: =I85 -> 12 | N85: =VLOOKUP(A85,Data!A:B,2,FALSE) -> 50 | P85: 22 | Q85: <60 | R85: =VLOOKUP(A85,Data!A:D,4,FALSE) -> 2.5 | S85: =VLOOKUP(A85,Data!A:C,3,FALSE) -> 0.3 | U85: =R85*I85+S85*G85 -> 42.3 | V85: =CEILING(U85,5) -> 45 | Z85: =0.85*V85 -> 38.25 | AB85: 0 | AC85: -30 | AD85: =IF(V85+W85+AB85 > 0, "Positive", IF(V85-+W85+AB85 < 0, "Negative", "Neutral")) -> Positive | AE85: =ROUND(ABS((V85+AB85+W85+AC85)*3.6)/(G85*3),2) -> 0.44 | AF85: =AND(AE85>=0.3,AE85<=0.8) -> TRUE | AK85: =VLOOKUP(A85,Data!A:F,6,FALSE) -> 10 | AL85: =AK85*G85/1000 -> 0.41 | AM85: =AL85 -> 0.41 | AN85: 3.7 | AO85: 3.7 | AP85: 1 | AQ85: =AO85/AP85 -> 3.7 | AR85: =IF(AQ85<[1]Sheet2!$D$2,[1]Sheet2!$D$2,IF(AQ85<[1]Sheet2!$D$3,[1]Sheet2!$D$3,IF(AQ85<[1]Sheet2!$D$4,[1]Sheet2!$D$4,IF(AQ85<[1]Sheet2!$D$5,[1]Sheet2!$D$5,IF(AQ85<[1]Sheet2!$D$6,[1]Sheet2!$D$6,IF(AQ85<[1]Sheet2!$D$7,[1]Sheet2!$D$7,IF(AQ85<[1]Sheet2!$D$8,[1]Sheet2!$D$8,IF(AQ85<[1]Sheet2!$D$9,[1]Sheet2!$D$9,IF(AQ85<[1]Sheet2!$D$10,[1]Sheet2!$D$10,IF(AQ85<[1]Sheet2!$D$11,0)))))))))) -> 4.6 | AS85: =IF(AR85<=Sheet2!$D$2,Sheet2!$C$2,IF(AR85<=Sheet2!$D$3,Sheet2!$C$3,IF(AR85<=Sheet2!$D$4,Sheet2!$C$4,IF(AR85<=Sheet2!$D$5,Sheet2!$C$5,IF(AR85<=Sheet2!$D$6,Sheet2!$C$6,IF(AR85<=Sheet2!$D$7,Sheet2!$C$7,IF(AR85<=Sheet2!$D$8,Sheet2!$C$8,IF(AR85<=Sheet2!$D$9,Sheet2!$C$9,IF(AR85<=Sheet2!$D$10,Sheet2!$C$10,IF(AR85<=Sheet2!$D$11,Sheet2!$C$11,0)))))))))) -> 350 | AT85: =AS85-V85 -> 305 | AY85: =AS85/H85 -> 8.5365854 | AZ85: =(AR85/H85*1000)*3.4 -> 381.46341 | BA85: VRV-1F-02 | BB85: =IF(AR85<=Sheet2!$D$2,Sheet2!$B$2,IF(AR85<=Sheet2!$D$3,Sheet2!$B$3,IF(AR85<=Sheet2!$D$4,Sheet2!$B$4,IF(AR85<=Sheet2!$D$5,Sheet2!$B$5,IF(AR85<=Sheet2!$D$6,Sheet2!$B$6,IF(AR85<=Sheet2!$D$7,Sheet2!$B$7,IF(AR85<=Sheet2!$D$8,Sheet2!$B$8,IF(AR85<=Sheet2!$D$9,Sheet2!$B$9,IF(AR85<=Sheet2!$D$10,Sheet2!$B$10,IF(AR85<=Sheet2!$D$11,Sheet2!$B$11,0)))))))))) -> FXSQ63A
A86: Office | B86: 81 | C86: Group 3 | D86: FF-010 | E86: Administration Manager's Office | F86: مكتب مدير الادراة | G86: =9*5.2 -> 46.8 | H86: =G86 -> 46.8 | I86: 13 | K86: =I86 -> 13 | L86: 0 | M86: 0 | N86: =VLOOKUP(A86,Data!A:B,2,FALSE) -> 5 | O86: =L86 -> 0 | P86: 22 | Q86: <60 | R86: =VLOOKUP(A86,Data!A:D,4,FALSE) -> 2.5 | S86: =VLOOKUP(A86,Data!A:C,3,FALSE) -> 0.3 | U86: =R86*I86+S86*G86 -> 46.54 | V86: 45 | W86: -20 | Z86: =0.85*V86 -> 38.25 | AB86: 0 | AC86: -10 | AD86: =IF(V86+W86+AB86 > 0, "Positive", IF(V86-+W86+AB86 < 0, "Negative", "Neutral")) -> Positive | AE86: =ROUND(ABS((V86+AB86+W86+AC86)*3.6)/(G86*3),2) -> 0.38 | AF86: =AND(AE86>=0.3,AE86<=0.8) -> TRUE | AK86: =VLOOKUP(A86,Data!A:F,6,FALSE) -> 10 | AL86: =AK86*G86/1000 -> 0.468 | AM86: =AL86 -> 0.468 | AN86: 7.1 | AO86: 7.1 | AP86: 1 | AQ86: =AO86/AP86 -> 7.1 | AR86: =IF(AQ86<[1]Sheet2!$D$2,[1]Sheet2!$D$2,IF(AQ86<[1]Sheet2!$D$3,[1]Sheet2!$D$3,IF(AQ86<[1]Sheet2!$D$4,[1]Sheet2!$D$4,IF(AQ86<[1]Sheet2!$D$5,[1]Sheet2!$D$5,IF(AQ86<[1]Sheet2!$D$6,[1]Sheet2!$D$6,IF(AQ86<[1]Sheet2!$D$7,[1]Sheet2!$D$7,IF(AQ86<[1]Sheet2!$D$8,[1]Sheet2!$D$8,IF(AQ86<[1]Sheet2!$D$9,[1]Sheet2!$D$9,IF(AQ86<[1]Sheet2!$D$10,[1]Sheet2!$D$10,IF(AQ86<[1]Sheet2!$D$11,0)))))))))) -> 7.4 | AS86: =IF(AR86<=Sheet2!$D$2,Sheet2!$C$2,IF(AR86<=Sheet2!$D$3,Sheet2!$C$3,IF(AR86<=Sheet2!$D$4,Sheet2!$C$4,IF(AR86<=Sheet2!$D$5,Sheet2!$C$5,IF(AR86<=Sheet2!$D$6,Sheet2!$C$6,IF(AR86<=Sheet2!$D$7,Sheet2!$C$7,IF(AR86<=Sheet2!$D$8,Sheet2!$C$8,IF(AR86<=Sheet2!$D$9,Sheet2!$C$9,IF(AR86<=Sheet2!$D$10,Sheet2!$C$10,IF(AR86<=Sheet2!$D$11,Sheet2!$C$11,0)))))))))) -> 533 | AT86: =AS86-V86 -> 488 | AY86: =AS86/H86 -> 11.388889 | AZ86: =(AR86/H86*1000)*3.4 -> 537.60684 | BA86: VRV-1F-02 | BB86: =IF(AR86<=Sheet2!$D$2,Sheet2!$B$2,IF(AR86<=Sheet2!$D$3,Sheet2!$B$3,IF(AR86<=Sheet2!$D$4,Sheet2!$B$4,IF(AR86<=Sheet2!$D$5,Sheet2!$B$5,IF(AR86<=Sheet2!$D$6,Sheet2!$B$6,IF(AR86<=Sheet2!$D$7,Sheet2!$B$7,IF(AR86<=Sheet2!$D$8,Sheet2!$B$8,IF(AR86<=Sheet2!$D$9,Sheet2!$B$9,IF(AR86<=Sheet2!$D$10,Sheet2!$B$10,IF(AR86<=Sheet2!$D$11,Sheet2!$B$11,0)))))))))) -> FXSQ100A
A87: Office | B87: 82 | C87: Group 4 | D87: FF-011 | E87: Customer Service Project Manager's Office | F87: مكتب مدير مشروع خدمة العملاء | G87: =4*5 -> 20 | H87: =G87 -> 20 | I87: 3 | K87: =I87 -> 3 | N87: =VLOOKUP(A87,Data!A:B,2,FALSE) -> 5 | P87: 22 | Q87: <60 | R87: =VLOOKUP(A87,Data!A:D,4,FALSE) -> 2.5 | S87: =VLOOKUP(A87,Data!A:C,3,FALSE) -> 0.3 | U87: =R87*I87+S87*G87 -> 13.5 | V87: =CEILING(U87,5) -> 15 | W87: -10 | Z87: =0.85*V87 -> 12.75 | AA87: 0 | AB87: 0 | AD87: =IF(V87+W87+AB87 > 0, "Positive", IF(V87-+W87+AB87 < 0, "Negative", "Neutral")) -> Positive | AE87: =ROUND(ABS((V87+AB87+W87+AC87)*3.6)/(G87*3),2) -> 0.3 | AF87: =AND(AE87>=0.3,AE87<=0.8) -> TRUE | AK87: =VLOOKUP(A87,Data!A:F,6,FALSE) -> 10 | AL87: =AK87*G87/1000 -> 0.2 | AM87: =AL87 -> 0.2 | AP87: 1 | AQ87: =AO87/AP87 -> 0 | AR87: 1.7 | AS87: =IF(AR87<=Sheet2!$D$2,Sheet2!$C$2,IF(AR87<=Sheet2!$D$3,Sheet2!$C$3,IF(AR87<=Sheet2!$D$4,Sheet2!$C$4,IF(AR87<=Sheet2!$D$5,Sheet2!$C$5,IF(AR87<=Sheet2!$D$6,Sheet2!$C$6,IF(AR87<=Sheet2!$D$7,Sheet2!$C$7,IF(AR87<=Sheet2!$D$8,Sheet2!$C$8,IF(AR87<=Sheet2!$D$9,Sheet2!$C$9,IF(AR87<=Sheet2!$D$10,Sheet2!$C$10,IF(AR87<=Sheet2!$D$11,Sheet2!$C$11,0)))))))))) -> 150 | AT87: =AS87-V87 -> 135 | AY87: =AS87/H87 -> 7.5 | AZ87: =(AR87/H87*1000)*3.4 -> 289 | BA87: VRV-1F-02 | BB87: =IF(AR87<=Sheet2!$D$2,Sheet2!$B$2,IF(AR87<=Sheet2!$D$3,Sheet2!$B$3,IF(AR87<=Sheet2!$D$4,Sheet2!$B$4,IF(AR87<=Sheet2!$D$5,Sheet2!$B$5,IF(AR87<=Sheet2!$D$6,Sheet2!$B$6,IF(AR87<=Sheet2!$D$7,Sheet2!$B$7,IF(AR87<=Sheet2!$D$8,Sheet2!$B$8,IF(AR87<=Sheet2!$D$9,Sheet2!$B$9,IF(AR87<=Sheet2!$D$10,Sheet2!$B$10,IF(AR87<=Sheet2!$D$11,Sheet2!$B$11,0)))))))))) -> FXSQ25A
A88: bathroom | B88: 83 | C88: Group 3 | D88: FF-012 | E88: Bathroom | F88: حمام | G88: =4*2.5 -> 10 | H88: =G88 -> 10 | I88: 1 | K88: =I88 -> 1 | L88: 0 | M88: 0 | N88: =VLOOKUP(A88,Data!A:B,2,FALSE) -> 0 | O88: =L88 -> 0 | P88: 22 | Q88: <60 | R88: =VLOOKUP(A88,Data!A:D,4,FALSE) -> 0 | S88: =VLOOKUP(A88,Data!A:C,3,FALSE) -> 0 | U88: =R88*I88+S88*G88 -> 0 | V88: =CEILING(U88,5) -> 0 | W88: 20 | X88: 25 | Y88: 1 | Z88: =X88*Y88 -> 25 | AA88: =CEILING(Z88,1) -> 25 | AB88: =(CEILING(AA88,1))*-1 -> -25 | AD88: =IF(V88+W88+AB88 > 0, "Positive", IF(V88-+W88+AB88 < 0, "Negative", "Neutral")) -> Negative | AE88: =ROUND(ABS((V88+AB88+W88+AC88)*3.6)/(G88*3),2) -> 0.6 | AF88: =AND(AE88>=0.3,AE88<=0.8) -> TRUE | AK88: =VLOOKUP(A88,Data!A:F,6,FALSE) -> 10 | AL88: =AK88*G88/1000 -> 0.1 | AM88: =AL88 -> 0.1 | AN88: 1.9 | AO88: 1.8 | AP88: 1 | AQ88: =AO88/AP88 -> 1.8 | AR88: =IF(AQ88<[1]Sheet2!$D$2,[1]Sheet2!$D$2,IF(AQ88<[1]Sheet2!$D$3,[1]Sheet2!$D$3,IF(AQ88<[1]Sheet2!$D$4,[1]Sheet2!$D$4,IF(AQ88<[1]Sheet2!$D$5,[1]Sheet2!$D$5,IF(AQ88<[1]Sheet2!$D$6,[1]Sheet2!$D$6,IF(AQ88<[1]Sheet2!$D$7,[1]Sheet2!$D$7,IF(AQ88<[1]Sheet2!$D$8,[1]Sheet2!$D$8,IF(AQ88<[1]Sheet2!$D$9,[1]Sheet2!$D$9,IF(AQ88<[1]Sheet2!$D$10,[1]Sheet2!$D$10,IF(AQ88<[1]Sheet2!$D$11,0)))))))))) -> 2.4 | AS88: =IF(AR88<=Sheet2!$D$2,Sheet2!$C$2,IF(AR88<=Sheet2!$D$3,Sheet2!$C$3,IF(AR88<=Sheet2!$D$4,Sheet2!$C$4,IF(AR88<=Sheet2!$D$5,Sheet2!$C$5,IF(AR88<=Sheet2!$D$6,Sheet2!$C$6,IF(AR88<=Sheet2!$D$7,Sheet2!$C$7,IF(AR88<=Sheet2!$D$8,Sheet2!$C$8,IF(AR88<=Sheet2!$D$9,Sheet2!$C$9,IF(AR88<=Sheet2!$D$10,Sheet2!$C$10,IF(AR88<=Sheet2!$D$11,Sheet2!$C$11,0)))))))))) -> 158 | AT88: =AS88-V88 -> 158 | AY88: =AS88/H88 -> 15.8 | AZ88: =(AR88/H88*1000)*3.4 -> 816 | BA88: VRV-1F-02 | BB88: =IF(AR88<=Sheet2!$D$2,Sheet2!$B$2,IF(AR88<=Sheet2!$D$3,Sheet2!$B$3,IF(AR88<=Sheet2!$D$4,Sheet2!$B$4,IF(AR88<=Sheet2!$D$5,Sheet2!$B$5,IF(AR88<=Sheet2!$D$6,Sheet2!$B$6,IF(AR88<=Sheet2!$D$7,Sheet2!$B$7,IF(AR88<=Sheet2!$D$8,Sheet2!$B$8,IF(AR88<=Sheet2!$D$9,Sheet2!$B$9,IF(AR88<=Sheet2!$D$10,Sheet2!$B$10,IF(AR88<=Sheet2!$D$11,Sheet2!$B$11,0)))))))))) -> FXSQ32A
A89: Office | B89: 84 | C89: Group 4 | D89: FF-013 | E89: Customer Service Contractor's Office | F89: مكتب مقاول خدمة العملاء | G89: =5*7.2+3*2.5 -> 43.5 | H89: =G89 -> 43.5 | I89: 3 | K89: =I89 -> 3 | N89: =VLOOKUP(A89,Data!A:B,2,FALSE) -> 5 | P89: 22 | Q89: <60 | R89: =VLOOKUP(A89,Data!A:D,4,FALSE) -> 2.5 | S89: =VLOOKUP(A89,Data!A:C,3,FALSE) -> 0.3 | U89: =R89*I89+S89*G89 -> 20.55 | V89: =CEILING(U89,5) -> 25 | W89: -10 | Z89: =0.85*V89 -> 21.25 | AA89: 0 | AB89: 0 | AD89: =IF(V89+W89+AB89 > 0, "Positive", IF(V89-+W89+AB89 < 0, "Negative", "Neutral")) -> Positive | AE89: =ROUND(ABS((V89+AB89+W89+AC89)*3.6)/(G89*3),2) -> 0.41 | AF89: =AND(AE89>=0.3,AE89<=0.8) -> TRUE | AK89: =VLOOKUP(A89,Data!A:F,6,FALSE) -> 10 | AL89: =AK89*G89/1000 -> 0.435 | AM89: =AL89 -> 0.435 | AP89: 1 | AQ89: =AO89/AP89 -> 0 | AR89: 4 | AS89: =IF(AR89<=Sheet2!$D$2,Sheet2!$C$2,IF(AR89<=Sheet2!$D$3,Sheet2!$C$3,IF(AR89<=Sheet2!$D$4,Sheet2!$C$4,IF(AR89<=Sheet2!$D$5,Sheet2!$C$5,IF(AR89<=Sheet2!$D$6,Sheet2!$C$6,IF(AR89<=Sheet2!$D$7,Sheet2!$C$7,IF(AR89<=Sheet2!$D$8,Sheet2!$C$8,IF(AR89<=Sheet2!$D$9,Sheet2!$C$9,IF(AR89<=Sheet2!$D$10,Sheet2!$C$10,IF(AR89<=Sheet2!$D$11,Sheet2!$C$11,0)))))))))) -> 350 | AT89: =AS89-V89 -> 325 | AY89: =AS89/H89 -> 8.045977 | AZ89: =(AR89/H89*1000)*3.4 -> 312.64368 | BA89: VRV-1F-02 | BB89: =IF(AR89<=Sheet2!$D$2,Sheet2!$B$2,IF(AR89<=Sheet2!$D$3,Sheet2!$B$3,IF(AR89<=Sheet2!$D$4,Sheet2!$B$4,IF(AR89<=Sheet2!$D$5,Sheet2!$B$5,IF(AR89<=Sheet2!$D$6,Sheet2!$B$6,IF(AR89<=Sheet2!$D$7,Sheet2!$B$7,IF(AR89<=Sheet2!$D$8,Sheet2!$B$8,IF(AR89<=Sheet2!$D$9,Sheet2!$B$9,IF(AR89<=Sheet2!$D$10,Sheet2!$B$10,IF(AR89<=Sheet2!$D$11,Sheet2!$B$11,0)))))))))) -> FXSQ63A
A90: bathroom | B90: 85 | C90: Group 4 | D90: FF-014 | E90: Men's Rest Room | F90: دورة مياه رجال | G90: =4.6*5.7+1.8*2.5 -> 30.72 | H90: =G90 -> 30.72 | I90: 6 | K90: =I90 -> 6 | L90: 0 | M90: 0 | N90: =VLOOKUP(A90,Data!A:B,2,FALSE) -> 0 | O90: =L90 -> 0 | P90: 22 | Q90: <60 | R90: =VLOOKUP(A90,Data!A:D,4,FALSE) -> 0 | S90: =VLOOKUP(A90,Data!A:C,3,FALSE) -> 0 | U90: =Z90*0.85 -> 127.5 | V90: 0 | W90: 135 | X90: 25 | Y90: 6 | Z90: =Y90*X90 -> 150 | AA90: =CEILING(Z90,1) -> 150 | AB90: =(CEILING(AA90,1))*-1 -> -150 | AD90: =IF(V90+W90+AB90 > 0, "Positive", IF(V90-+W90+AB90 < 0, "Negative", "Neutral")) -> Negative | AE90: =ROUND(ABS((V90+AB90+W90+AC90)*3.6)/(G90*3),2) -> 0.59 | AF90: =AND(AE90>=0.3,AE90<=0.8) -> TRUE | AK90: =VLOOKUP(A90,Data!A:F,6,FALSE) -> 10 | AL90: =AK90*G90/1000 -> 0.3072 | AM90: =AL90 -> 0.3072 | AP90: 1 | AQ90: =AO90/AP90 -> 0 | AR90: 3.3 | AS90: =IF(AR90<=Sheet2!$D$2,Sheet2!$C$2,IF(AR90<=Sheet2!$D$3,Sheet2!$C$3,IF(AR90<=Sheet2!$D$4,Sheet2!$C$4,IF(AR90<=Sheet2!$D$5,Sheet2!$C$5,IF(AR90<=Sheet2!$D$6,Sheet2!$C$6,IF(AR90<=Sheet2!$D$7,Sheet2!$C$7,IF(AR90<=Sheet2!$D$8,Sheet2!$C$8,IF(AR90<=Sheet2!$D$9,Sheet2!$C$9,IF(AR90<=Sheet2!$D$10,Sheet2!$C$10,IF(AR90<=Sheet2!$D$11,Sheet2!$C$11,0)))))))))) -> 253 | AT90: =AS90-V90 -> 253 | AY90: =AS90/H90 -> 8.2356771 | AZ90: =(AR90/H90*1000)*3.4 -> 365.23438 | BA90: VRV-1F-02 | BB90: =IF(AR90<=Sheet2!$D$2,Sheet2!$B$2,IF(AR90<=Sheet2!$D$3,Sheet2!$B$3,IF(AR90<=Sheet2!$D$4,Sheet2!$B$4,IF(AR90<=Sheet2!$D$5,Sheet2!$B$5,IF(AR90<=Sheet2!$D$6,Sheet2!$B$6,IF(AR90<=Sheet2!$D$7,Sheet2!$B$7,IF(AR90<=Sheet2!$D$8,Sheet2!$B$8,IF(AR90<=Sheet2!$D$9,Sheet2!$B$9,IF(AR90<=Sheet2!$D$10,Sheet2!$B$10,IF(AR90<=Sheet2!$D$11,Sheet2!$B$11,0)))))))))) -> FXSQ50A
A91: Storage | B91: 86 | C91: Group 4 | D91: FF-015 | E91: Hygiene Store | F91: مخزن النظافة | G91: =5*3.2 -> 16 | H91: =G91 -> 16 | I91: 1 | K91: =I91 -> 1 | N91: =VLOOKUP(A91,Data!A:B,2,FALSE) -> 2 | P91: 22 | Q91: <60 | R91: =VLOOKUP(A91,Data!A:D,4,FALSE) -> 0 | S91: =VLOOKUP(A91,Data!A:C,3,FALSE) -> 0 | U91: =R91*I91+S91*G91 -> 0 | V91: 0 | W91: 20 | Z91: =0.85*V91 -> 0 | AA91: 25 | AB91: -25 | AD91: =IF(V91+W91+AB91 > 0, "Positive", IF(V91-+W91+AB91 < 0, "Negative", "Neutral")) -> Negative | AE91: =ROUND(ABS((V91+AB91+W91+AC91)*3.6)/(G91*3),2) -> 0.38 | AF91: =AND(AE91>=0.3,AE91<=0.8) -> TRUE | AK91: =VLOOKUP(A91,Data!A:F,6,FALSE) -> 10 | AL91: =AK91*G91/1000 -> 0.16 | AM91: =AL91 -> 0.16 | AP91: 1 | AQ91: =AO91/AP91 -> 0 | AR91: 1.1 | AS91: =IF(AR91<=Sheet2!$D$2,Sheet2!$C$2,IF(AR91<=Sheet2!$D$3,Sheet2!$C$3,IF(AR91<=Sheet2!$D$4,Sheet2!$C$4,IF(AR91<=Sheet2!$D$5,Sheet2!$C$5,IF(AR91<=Sheet2!$D$6,Sheet2!$C$6,IF(AR91<=Sheet2!$D$7,Sheet2!$C$7,IF(AR91<=Sheet2!$D$8,Sheet2!$C$8,IF(AR91<=Sheet2!$D$9,Sheet2!$C$9,IF(AR91<=Sheet2!$D$10,Sheet2!$C$10,IF(AR91<=Sheet2!$D$11,Sheet2!$C$11,0)))))))))) -> 150 | AT91: =AS91-V91 -> 150 | AY91: =AS91/H91 -> 9.375 | AZ91: =(AR91/H91*1000)*3.4 -> 233.75 | BA91: VRV-1F-02 | BB91: =IF(AR91<=Sheet2!$D$2,Sheet2!$B$2,IF(AR91<=Sheet2!$D$3,Sheet2!$B$3,IF(AR91<=Sheet2!$D$4,Sheet2!$B$4,IF(AR91<=Sheet2!$D$5,Sheet2!$B$5,IF(AR91<=Sheet2!$D$6,Sheet2!$B$6,IF(AR91<=Sheet2!$D$7,Sheet2!$B$7,IF(AR91<=Sheet2!$D$8,Sheet2!$B$8,IF(AR91<=Sheet2!$D$9,Sheet2!$B$9,IF(AR91<=Sheet2!$D$10,Sheet2!$B$10,IF(AR91<=Sheet2!$D$11,Sheet2!$B$11,0)))))))))) -> FXSQ20A
A92: Laundry Room | B92: 87 | C92: Group 5 | D92: FF-016 | E92: Laundry Room | F92: غرفة غسيل | G92: =2.8*4+1.8*2 -> 14.8 | H92: =G92 -> 14.8 | I92: 0 | K92: =I92 -> 0 | L92: 0 | M92: 0 | N92: =VLOOKUP(A92,Data!A:B,2,FALSE) -> 0 | O92: =L92 -> 0 | P92: 22 | Q92: <60 | R92: =VLOOKUP(A92,Data!A:D,4,FALSE) -> 0 | S92: =VLOOKUP(A92,Data!A:C,3,FALSE) -> 0 | V92: 0 | W92: 60 | X92: =VLOOKUP(A92,Data!A:E,5,FALSE) -> 5 | Z92: =X92*G92 -> 74 | AA92: 65 | AB92: -65 | AD92: =IF(V92+W92+AB92 > 0, "Positive", IF(V92-+W92+AB92 < 0, "Negative", "Neutral")) -> Negative | AE92: =ROUND(ABS((V92+AB92+W92+AC92)*3.6)/(G92*3),2) -> 0.41 | AF92: =AND(AE92>=0.3,AE92<=0.8) -> TRUE | AK92: =VLOOKUP(A92,Data!A:F,6,FALSE) -> 10 | AL92: =AK92*G92/1000 -> 0.148 | AM92: =AL92 -> 0.148 | AP92: 1 | AQ92: =AO92/AP92 -> 0 | AR92: 6.4 | AS92: =IF(AR92<=Sheet2!$D$2,Sheet2!$C$2,IF(AR92<=Sheet2!$D$3,Sheet2!$C$3,IF(AR92<=Sheet2!$D$4,Sheet2!$C$4,IF(AR92<=Sheet2!$D$5,Sheet2!$C$5,IF(AR92<=Sheet2!$D$6,Sheet2!$C$6,IF(AR92<=Sheet2!$D$7,Sheet2!$C$7,IF(AR92<=Sheet2!$D$8,Sheet2!$C$8,IF(AR92<=Sheet2!$D$9,Sheet2!$C$9,IF(AR92<=Sheet2!$D$10,Sheet2!$C$10,IF(AR92<=Sheet2!$D$11,Sheet2!$C$11,0)))))))))) -> 533 | AT92: =AS92-V92 -> 533 | AY92: =AS92/H92 -> 36.013514 | AZ92: =(AR92/H92*1000)*3.4 -> 1470.2703 | BA92: VRV-1F-02 | BB92: =IF(AR92<=Sheet2!$D$2,Sheet2!$B$2,IF(AR92<=Sheet2!$D$3,Sheet2!$B$3,IF(AR92<=Sheet2!$D$4,Sheet2!$B$4,IF(AR92<=Sheet2!$D$5,Sheet2!$B$5,IF(AR92<=Sheet2!$D$6,Sheet2!$B$6,IF(AR92<=Sheet2!$D$7,Sheet2!$B$7,IF(AR92<=Sheet2!$D$8,Sheet2!$B$8,IF(AR92<=Sheet2!$D$9,Sheet2!$B$9,IF(AR92<=Sheet2!$D$10,Sheet2!$B$10,IF(AR92<=Sheet2!$D$11,Sheet2!$B$11,0)))))))))) -> FXSQ100A
A93: Waiting Area | B93: 88 | C93: Group 5 | D93: FF-017 | E93: Washers Resting Area | F93: استراحة مغسلين | G93: =5.9*5 -> 29.5 | H93: =G93 -> 29.5 | I93: 11 | K93: =I93 -> 11 | N93: =VLOOKUP(A93,Data!A:B,2,FALSE) -> 50 | P93: 22 | Q93: <60 | R93: =VLOOKUP(A93,Data!A:D,4,FALSE) -> 3.8 | S93: =VLOOKUP(A93,Data!A:C,3,FALSE) -> 0.3 | U93: =R93*I93+S93*G93 -> 50.65 | V93: 55 | W93: -40 | AB93: 0 | AD93: =IF(V93+W93+AB93 > 0, "Positive", IF(V93-+W93+AB93 < 0, "Negative", "Neutral")) -> Positive | AE93: =ROUND(ABS((V93+AB93+W93+AC93)*3.6)/(G93*3),2) -> 0.61 | AF93: =AND(AE93>=0.3,AE93<=0.8) -> TRUE | AK93: =VLOOKUP(A93,Data!A:F,6,FALSE) -> 10 | AL93: =AK93*G93/1000 -> 0.295 | AM93: =AL93 -> 0.295 | AP93: 1 | AQ93: =AO93/AP93 -> 0 | AR93: 4.6 | AS93: =IF(AR93<=Sheet2!$D$2,Sheet2!$C$2,IF(AR93<=Sheet2!$D$3,Sheet2!$C$3,IF(AR93<=Sheet2!$D$4,Sheet2!$C$4,IF(AR93<=Sheet2!$D$5,Sheet2!$C$5,IF(AR93<=Sheet2!$D$6,Sheet2!$C$6,IF(AR93<=Sheet2!$D$7,Sheet2!$C$7,IF(AR93<=Sheet2!$D$8,Sheet2!$C$8,IF(AR93<=Sheet2!$D$9,Sheet2!$C$9,IF(AR93<=Sheet2!$D$10,Sheet2!$C$10,IF(AR93<=Sheet2!$D$11,Sheet2!$C$11,0)))))))))) -> 350 | AT93: =AS93-V93 -> 295 | AY93: =AS93/H93 -> 11.864407 | AZ93: =(AR93/H93*1000)*3.4 -> 530.16949 | BA93: VRV-1F-02 | BB93: =IF(AR93<=Sheet2!$D$2,Sheet2!$B$2,IF(AR93<=Sheet2!$D$3,Sheet2!$B$3,IF(AR93<=Sheet2!$D$4,Sheet2!$B$4,IF(AR93<=Sheet2!$D$5,Sheet2!$B$5,IF(AR93<=Sheet2!$D$6,Sheet2!$B$6,IF(AR93<=Sheet2!$D$7,Sheet2!$B$7,IF(AR93<=Sheet2!$D$8,Sheet2!$B$8,IF(AR93<=Sheet2!$D$9,Sheet2!$B$9,IF(AR93<=Sheet2!$D$10,Sheet2!$B$10,IF(AR93<=Sheet2!$D$11,Sheet2!$B$11,0)))))))))) -> FXSQ63A
A94: Storage | B94: 89 | C94: Group 5 | D94: FF-018 | E94: Storage | F94: مخزن | G94: =2.5*3.2 -> 8 | H94: =G94 -> 8 | I94: 0 | K94: =I94 -> 0 | L94: 0 | M94: 0 | N94: =VLOOKUP(A94,Data!A:B,2,FALSE) -> 2 | O94: =L94 -> 0 | P94: 22 | Q94: <60 | R94: =VLOOKUP(A94,Data!A:D,4,FALSE) -> 0 | S94: =VLOOKUP(A94,Data!A:C,3,FALSE) -> 0 | U94: =R94*I94+S94*G94 -> 0 | V94: 0 | W94: 20 | Z94: =0.85*V94 -> 0 | AA94: 25 | AB94: -25 | AD94: =IF(V94+W94+AB94 > 0, "Positive", IF(V94-+W94+AB94 < 0, "Negative", "Neutral")) -> Negative | AE94: =ROUND(ABS((V94+AB94+W94+AC94)*3.6)/(G94*3),2) -> 0.75 | AF94: =AND(AE94>=0.3,AE94<=0.8) -> TRUE | AK94: =VLOOKUP(A94,Data!A:F,6,FALSE) -> 10 | AL94: =AK94*G94/1000 -> 0.08 | AM94: =AL94 -> 0.08 | AP94: 1 | AQ94: =AO94/AP94 -> 0 | AR94: 1.9 | AS94: =IF(AR94<=Sheet2!$D$2,Sheet2!$C$2,IF(AR94<=Sheet2!$D$3,Sheet2!$C$3,IF(AR94<=Sheet2!$D$4,Sheet2!$C$4,IF(AR94<=Sheet2!$D$5,Sheet2!$C$5,IF(AR94<=Sheet2!$D$6,Sheet2!$C$6,IF(AR94<=Sheet2!$D$7,Sheet2!$C$7,IF(AR94<=Sheet2!$D$8,Sheet2!$C$8,IF(AR94<=Sheet2!$D$9,Sheet2!$C$9,IF(AR94<=Sheet2!$D$10,Sheet2!$C$10,IF(AR94<=Sheet2!$D$11,Sheet2!$C$11,0)))))))))) -> 158 | AT94: =AS94-V94 -> 158 | AY94: =AS94/H94 -> 19.75 | AZ94: =(AR94/H94*1000)*3.4 -> 807.5 | BA94: VRV-1F-02 | BB94: =IF(AR94<=Sheet2!$D$2,Sheet2!$B$2,IF(AR94<=Sheet2!$D$3,Sheet2!$B$3,IF(AR94<=Sheet2!$D$4,Sheet2!$B$4,IF(AR94<=Sheet2!$D$5,Sheet2!$B$5,IF(AR94<=Sheet2!$D$6,Sheet2!$B$6,IF(AR94<=Sheet2!$D$7,Sheet2!$B$7,IF(AR94<=Sheet2!$D$8,Sheet2!$B$8,IF(AR94<=Sheet2!$D$9,Sheet2!$B$9,IF(AR94<=Sheet2!$D$10,Sheet2!$B$10,IF(AR94<=Sheet2!$D$11,Sheet2!$B$11,0)))))))))) -> FXSQ32A
A95: Locker room | B95: 90 | C95: Group 5 | D95: FF-019 | E95: Changing Room | F95: غرفة تغيير ملابس | G95: =5*6.8 -> 34 | H95: =G95 -> 34 | I95: 4 | K95: =I95 -> 4 | N95: =VLOOKUP(A95,Data!A:B,2,FALSE) -> 0 | P95: 22 | Q95: <60 | R95: =VLOOKUP(A95,Data!A:D,4,FALSE) -> 0 | S95: =VLOOKUP(A95,Data!A:C,3,FALSE) -> 0 | U95: =Z95*0.85 -> 106.25 | W95: 110 | X95: 25 | Y95: 5 | Z95: =Y95*X95 -> 125 | AA95: =CEILING(Z95,1) -> 125 | AB95: =(CEILING(AA95,1))*-1 -> -125 | AD95: =IF(V95+W95+AB95 > 0, "Positive", IF(V95-+W95+AB95 < 0, "Negative", "Neutral")) -> Negative | AE95: =ROUND(ABS((V95+AB95+W95+AC95)*3.6)/(G95*3),2) -> 0.53 | AF95: =AND(AE95>=0.3,AE95<=0.8) -> TRUE | AK95: =VLOOKUP(A95,Data!A:F,6,FALSE) -> 10 | AL95: =AK95*G95/1000 -> 0.34 | AM95: =AL95 -> 0.34 | AP95: 1 | AQ95: =AO95/AP95 -> 0 | AR95: 3.9 | AS95: =IF(AR95<=Sheet2!$D$2,Sheet2!$C$2,IF(AR95<=Sheet2!$D$3,Sheet2!$C$3,IF(AR95<=Sheet2!$D$4,Sheet2!$C$4,IF(AR95<=Sheet2!$D$5,Sheet2!$C$5,IF(AR95<=Sheet2!$D$6,Sheet2!$C$6,IF(AR95<=Sheet2!$D$7,Sheet2!$C$7,IF(AR95<=Sheet2!$D$8,Sheet2!$C$8,IF(AR95<=Sheet2!$D$9,Sheet2!$C$9,IF(AR95<=Sheet2!$D$10,Sheet2!$C$10,IF(AR95<=Sheet2!$D$11,Sheet2!$C$11,0)))))))))) -> 350 | AT95: =AS95-V95 -> 350 | AY95: =AS95/H95 -> 10.294118 | AZ95: =(AR95/H95*1000)*3.4 -> 390 | BA95: VRV-1F-02 | BB95: =IF(AR95<=Sheet2!$D$2,Sheet2!$B$2,IF(AR95<=Sheet2!$D$3,Sheet2!$B$3,IF(AR95<=Sheet2!$D$4,Sheet2!$B$4,IF(AR95<=Sheet2!$D$5,Sheet2!$B$5,IF(AR95<=Sheet2!$D$6,Sheet2!$B$6,IF(AR95<=Sheet2!$D$7,Sheet2!$B$7,IF(AR95<=Sheet2!$D$8,Sheet2!$B$8,IF(AR95<=Sheet2!$D$9,Sheet2!$B$9,IF(AR95<=Sheet2!$D$10,Sheet2!$B$10,IF(AR95<=Sheet2!$D$11,Sheet2!$B$11,0)))))))))) -> FXSQ63A
A96: Office | B96: 91 | C96: Group 5 | D96: FF-020 | E96: Preparation Shift Supervisor's Office | F96: مكتب مشرف وردية التجهيز | G96: =3.1*5 -> 15.5 | H96: =G96 -> 15.5 | I96: 3 | K96: =I96 -> 3 | L96: 0 | M96: 0 | N96: =VLOOKUP(A96,Data!A:B,2,FALSE) -> 5 | O96: =L96 -> 0 | P96: 22 | Q96: <60 | R96: =VLOOKUP(A96,Data!A:D,4,FALSE) -> 2.5 | S96: =VLOOKUP(A96,Data!A:C,3,FALSE) -> 0.3 | U96: =R96*I96+S96*G96 -> 12.15 | V96: 20 | W96: -10 | Z96: =0.85*V96 -> 17 | AA96: 0 | AB96: 0 | AD96: =IF(V96+W96+AB96 > 0, "Positive", IF(V96-+W96+AB96 < 0, "Negative", "Neutral")) -> Positive | AE96: =ROUND(ABS((V96+AB96+W96+AC96)*3.6)/(G96*3),2) -> 0.77 | AF96: =AND(AE96>=0.3,AE96<=0.8) -> TRUE | AK96: =VLOOKUP(A96,Data!A:F,6,FALSE) -> 10 | AL96: =AK96*G96/1000 -> 0.155 | AM96: =AL96 -> 0.155 | AP96: 1 | AQ96: =AO96/AP96 -> 0 | AR96: 2.8 | AS96: =IF(AR96<=Sheet2!$D$2,Sheet2!$C$2,IF(AR96<=Sheet2!$D$3,Sheet2!$C$3,IF(AR96<=Sheet2!$D$4,Sheet2!$C$4,IF(AR96<=Sheet2!$D$5,Sheet2!$C$5,IF(AR96<=Sheet2!$D$6,Sheet2!$C$6,IF(AR96<=Sheet2!$D$7,Sheet2!$C$7,IF(AR96<=Sheet2!$D$8,Sheet2!$C$8,IF(AR96<=Sheet2!$D$9,Sheet2!$C$9,IF(AR96<=Sheet2!$D$10,Sheet2!$C$10,IF(AR96<=Sheet2!$D$11,Sheet2!$C$11,0)))))))))) -> 250 | AT96: =AS96-V96 -> 230 | AY96: =AS96/H96 -> 16.129032 | AZ96: =(AR96/H96*1000)*3.4 -> 614.19355 | BA96: VRV-1F-02 | BB96: =IF(AR96<=Sheet2!$D$2,Sheet2!$B$2,IF(AR96<=Sheet2!$D$3,Sheet2!$B$3,IF(AR96<=Sheet2!$D$4,Sheet2!$B$4,IF(AR96<=Sheet2!$D$5,Sheet2!$B$5,IF(AR96<=Sheet2!$D$6,Sheet2!$B$6,IF(AR96<=Sheet2!$D$7,Sheet2!$B$7,IF(AR96<=Sheet2!$D$8,Sheet2!$B$8,IF(AR96<=Sheet2!$D$9,Sheet2!$B$9,IF(AR96<=Sheet2!$D$10,Sheet2!$B$10,IF(AR96<=Sheet2!$D$11,Sheet2!$B$11,0)))))))))) -> FXSQ40A
A97: Bedroom | B97: 92 | C97: Group 5 | D97: FF-021 | E97: Men's Washers Dormitory | F97: مبيت مغسلين رجال | G97: =5*8.1 -> 40.5 | H97: =G97 -> 40.5 | I97: 3 | K97: =I97 -> 3 | N97: =VLOOKUP(A97,Data!A:B,2,FALSE) -> 10 | P97: 22 | Q97: <60 | R97: =VLOOKUP(A97,Data!A:D,4,FALSE) -> 2.5 | S97: =VLOOKUP(A97,Data!A:C,3,FALSE) -> 0.3 | U97: =R97*I97+S97*G97 -> 19.65 | V97: 25 | W97: -10 | Z97: =0.85*V97 -> 21.25 | AA97: 0 | AB97: 0 | AD97: =IF(V97+W97+AB97 > 0, "Positive", IF(V97-+W97+AB97 < 0, "Negative", "Neutral")) -> Positive | AE97: =ROUND(ABS((V97+AB97+W97+AC97)*3.6)/(G97*3),2) -> 0.44 | AF97: =AND(AE97>=0.3,AE97<=0.8) -> TRUE | AK97: =VLOOKUP(A97,Data!A:F,6,FALSE) -> 10 | AL97: =AK97*G97/1000 -> 0.405 | AM97: =AL97 -> 0.405 | AP97: 1 | AQ97: =AO97/AP97 -> 0 | AR97: 5.2 | AS97: =IF(AR97<=Sheet2!$D$2,Sheet2!$C$2,IF(AR97<=Sheet2!$D$3,Sheet2!$C$3,IF(AR97<=Sheet2!$D$4,Sheet2!$C$4,IF(AR97<=Sheet2!$D$5,Sheet2!$C$5,IF(AR97<=Sheet2!$D$6,Sheet2!$C$6,IF(AR97<=Sheet2!$D$7,Sheet2!$C$7,IF(AR97<=Sheet2!$D$8,Sheet2!$C$8,IF(AR97<=Sheet2!$D$9,Sheet2!$C$9,IF(AR97<=Sheet2!$D$10,Sheet2!$C$10,IF(AR97<=Sheet2!$D$11,Sheet2!$C$11,0)))))))))) -> 383 | AT97: =AS97-V97 -> 358 | AY97: =AS97/H97 -> 9.4567901 | AZ97: =(AR97/H97*1000)*3.4 -> 436.54321 | BA97: VRV-1F-02 | BB97: =IF(AR97<=Sheet2!$D$2,Sheet2!$B$2,IF(AR97<=Sheet2!$D$3,Sheet2!$B$3,IF(AR97<=Sheet2!$D$4,Sheet2!$B$4,IF(AR97<=Sheet2!$D$5,Sheet2!$B$5,IF(AR97<=Sheet2!$D$6,Sheet2!$B$6,IF(AR97<=Sheet2!$D$7,Sheet2!$B$7,IF(AR97<=Sheet2!$D$8,Sheet2!$B$8,IF(AR97<=Sheet2!$D$9,Sheet2!$B$9,IF(AR97<=Sheet2!$D$10,Sheet2!$B$10,IF(AR97<=Sheet2!$D$11,Sheet2!$B$11,0)))))))))) -> FXSQ80A
A98: Office | B98: 93 | C98: Group 4 | D98: FF-022 | E98: Cemetery Management Office | F98: مكتب ادارة المقبرة | G98: 20 | H98: =G98 -> 20 | I98: 3 | K98: =I98 -> 3 | L98: 0 | M98: 0 | N98: =VLOOKUP(A98,Data!A:B,2,FALSE) -> 5 | O98: =L98 -> 0 | P98: 22 | Q98: <60 | R98: =VLOOKUP(A98,Data!A:D,4,FALSE) -> 2.5 | S98: =VLOOKUP(A98,Data!A:C,3,FALSE) -> 0.3 | U98: =R98*I98+S98*G98 -> 13.5 | V98: =CEILING(U98,5) -> 15 | W98: -10 | Z98: =0.85*V98 -> 12.75 | AA98: 0 | AB98: 0 | AD98: =IF(V98+W98+AB98 > 0, "Positive", IF(V98-+W98+AB98 < 0, "Negative", "Neutral")) -> Positive | AE98: =ROUND(ABS((V98+AB98+W98+AC98)*3.6)/(G98*3),2) -> 0.3 | AF98: =AND(AE98>=0.3,AE98<=0.8) -> TRUE | AK98: =VLOOKUP(A98,Data!A:F,6,FALSE) -> 10 | AL98: =AK98*G98/1000 -> 0.2 | AM98: =AL98 -> 0.2 | AP98: 1 | AQ98: =AO98/AP98 -> 0 | AR98: 3.1 | AS98: =IF(AR98<=Sheet2!$D$2,Sheet2!$C$2,IF(AR98<=Sheet2!$D$3,Sheet2!$C$3,IF(AR98<=Sheet2!$D$4,Sheet2!$C$4,IF(AR98<=Sheet2!$D$5,Sheet2!$C$5,IF(AR98<=Sheet2!$D$6,Sheet2!$C$6,IF(AR98<=Sheet2!$D$7,Sheet2!$C$7,IF(AR98<=Sheet2!$D$8,Sheet2!$C$8,IF(AR98<=Sheet2!$D$9,Sheet2!$C$9,IF(AR98<=Sheet2!$D$10,Sheet2!$C$10,IF(AR98<=Sheet2!$D$11,Sheet2!$C$11,0)))))))))) -> 253 | AT98: =AS98-V98 -> 238 | AY98: =AS98/H98 -> 12.65 | AZ98: =(AR98/H98*1000)*3.4 -> 527 | BA98: VRV-1F-02 | BB98: =IF(AR98<=Sheet2!$D$2,Sheet2!$B$2,IF(AR98<=Sheet2!$D$3,Sheet2!$B$3,IF(AR98<=Sheet2!$D$4,Sheet2!$B$4,IF(AR98<=Sheet2!$D$5,Sheet2!$B$5,IF(AR98<=Sheet2!$D$6,Sheet2!$B$6,IF(AR98<=Sheet2!$D$7,Sheet2!$B$7,IF(AR98<=Sheet2!$D$8,Sheet2!$B$8,IF(AR98<=Sheet2!$D$9,Sheet2!$B$9,IF(AR98<=Sheet2!$D$10,Sheet2!$B$10,IF(AR98<=Sheet2!$D$11,Sheet2!$B$11,0)))))))))) -> FXSQ50A
A99: Office | B99: 94 | C99: Group 4 | D99: FF-023 | E99: Monitoring Room | F99: غرفة المراقبة | G99: 20 | H99: =G99 -> 20 | I99: 3 | K99: =I99 -> 3 | N99: =VLOOKUP(A99,Data!A:B,2,FALSE) -> 5 | P99: 22 | Q99: <60 | R99: =VLOOKUP(A99,Data!A:D,4,FALSE) -> 2.5 | S99: =VLOOKUP(A99,Data!A:C,3,FALSE) -> 0.3 | U99: =R99*I99+S99*G99 -> 13.5 | V99: =CEILING(U99,5) -> 15 | W99: -10 | Z99: =0.85*V99 -> 12.75 | AA99: 0 | AB99: 0 | AD99: =IF(V99+W99+AB99 > 0, "Positive", IF(V99-+W99+AB99 < 0, "Negative", "Neutral")) -> Positive | AE99: =ROUND(ABS((V99+AB99+W99+AC99)*3.6)/(G99*3),2) -> 0.3 | AF99: =AND(AE99>=0.3,AE99<=0.8) -> TRUE | AK99: =VLOOKUP(A99,Data!A:F,6,FALSE) -> 10 | AL99: =AK99*G99/1000 -> 0.2 | AM99: =AL99 -> 0.2 | AP99: 1 | AQ99: =AO99/AP99 -> 0 | AR99: 3.1 | AS99: =IF(AR99<=Sheet2!$D$2,Sheet2!$C$2,IF(AR99<=Sheet2!$D$3,Sheet2!$C$3,IF(AR99<=Sheet2!$D$4,Sheet2!$C$4,IF(AR99<=Sheet2!$D$5,Sheet2!$C$5,IF(AR99<=Sheet2!$D$6,Sheet2!$C$6,IF(AR99<=Sheet2!$D$7,Sheet2!$C$7,IF(AR99<=Sheet2!$D$8,Sheet2!$C$8,IF(AR99<=Sheet2!$D$9,Sheet2!$C$9,IF(AR99<=Sheet2!$D$10,Sheet2!$C$10,IF(AR99<=Sheet2!$D$11,Sheet2!$C$11,0)))))))))) -> 253 | AT99: =AS99-V99 -> 238 | AY99: =AS99/H99 -> 12.65 | AZ99: =(AR99/H99*1000)*3.4 -> 527 | BA99: VRV-1F-02 | BB99: =IF(AR99<=Sheet2!$D$2,Sheet2!$B$2,IF(AR99<=Sheet2!$D$3,Sheet2!$B$3,IF(AR99<=Sheet2!$D$4,Sheet2!$B$4,IF(AR99<=Sheet2!$D$5,Sheet2!$B$5,IF(AR99<=Sheet2!$D$6,Sheet2!$B$6,IF(AR99<=Sheet2!$D$7,Sheet2!$B$7,IF(AR99<=Sheet2!$D$8,Sheet2!$B$8,IF(AR99<=Sheet2!$D$9,Sheet2!$B$9,IF(AR99<=Sheet2!$D$10,Sheet2!$B$10,IF(AR99<=Sheet2!$D$11,Sheet2!$B$11,0)))))))))) -> FXSQ50A
A100: Office | B100: 95 | C100: Group 4 | D100: FF-024 | E100: IT | F100: IT | G100: 20 | H100: =G100 -> 20 | I100: 3 | K100: =I100 -> 3 | L100: 0 | M100: 0 | N100: =VLOOKUP(A100,Data!A:B,2,FALSE) -> 5 | O100: =L100 -> 0 | P100: 22 | Q100: <60 | R100: =VLOOKUP(A100,Data!A:D,4,FALSE) -> 2.5 | S100: =VLOOKUP(A100,Data!A:C,3,FALSE) -> 0.3 | U100: =R100*I100+S100*G100 -> 13.5 | V100: =CEILING(U100,5) -> 15 | W100: -10 | Z100: =0.85*V100 -> 12.75 | AA100: 0 | AB100: 0 | AD100: =IF(V100+W100+AB100 > 0, "Positive", IF(V100-+W100+AB100 < 0, "Negative", "Neutral")) -> Positive | AE100: =ROUND(ABS((V100+AB100+W100+AC100)*3.6)/(G100*3),2) -> 0.3 | AF100: =AND(AE100>=0.3,AE100<=0.8) -> TRUE | AK100: =VLOOKUP(A100,Data!A:F,6,FALSE) -> 10 | AL100: =AK100*G100/1000 -> 0.2 | AM100: =AL100 -> 0.2 | AP100: 1 | AQ100: =AO100/AP100 -> 0 | AR100: 3.1 | AS100: =IF(AR100<=Sheet2!$D$2,Sheet2!$C$2,IF(AR100<=Sheet2!$D$3,Sheet2!$C$3,IF(AR100<=Sheet2!$D$4,Sheet2!$C$4,IF(AR100<=Sheet2!$D$5,Sheet2!$C$5,IF(AR100<=Sheet2!$D$6,Sheet2!$C$6,IF(AR100<=Sheet2!$D$7,Sheet2!$C$7,IF(AR100<=Sheet2!$D$8,Sheet2!$C$8,IF(AR100<=Sheet2!$D$9,Sheet2!$C$9,IF(AR100<=Sheet2!$D$10,Sheet2!$C$10,IF(AR100<=Sheet2!$D$11,Sheet2!$C$11,0)))))))))) -> 253 | AT100: =AS100-V100 -> 238 | AY100: =AS100/H100 -> 12.65 | AZ100: =(AR100/H100*1000)*3.4 -> 527 | BA100: VRV-1F-02 | BB100: =IF(AR100<=Sheet2!$D$2,Sheet2!$B$2,IF(AR100<=Sheet2!$D$3,Sheet2!$B$3,IF(AR100<=Sheet2!$D$4,Sheet2!$B$4,IF(AR100<=Sheet2!$D$5,Sheet2!$B$5,IF(AR100<=Sheet2!$D$6,Sheet2!$B$6,IF(AR100<=Sheet2!$D$7,Sheet2!$B$7,IF(AR100<=Sheet2!$D$8,Sheet2!$B$8,IF(AR100<=Sheet2!$D$9,Sheet2!$B$9,IF(AR100<=Sheet2!$D$10,Sheet2!$B$10,IF(AR100<=Sheet2!$D$11,Sheet2!$B$11,0)))))))))) -> FXSQ50A
...

Sheet Data
A1: Category | B1: Occupancy Density as per ASHRAE | C1: Fresh Air Requirements L/s m2 | D1: L/s person | E1: Exhaust Air Requirements | F1: Lighting Density | G1: Equipment Heat Dissipation
A2: Storage | B2: 2 | E2: 7.5 | F2: 10
A3: Office | B3: 5 | C3: 0.3 | D3: 2.5 | F3: 10
A4: bathroom | E4: 25/unit | F4: 10
A5: Prep and Shrouding area | F5: 10
A6: Waiting Area | B6: 50 | C6: 0.3 | D6: 3.8 | F6: 10
A7: Cafeteria | B7: 100 | C7: 0.9 | D7: 3.8 | F7: 10
A8: Prayer Room | B8: 120 | C8: 0.3 | D8: 2.5 | F8: 10
A9: Ablution | E9: 1.25 | F9: 10
A10: Laundry Room | B10: 0 | D10: 0 | E10: 5 | F10: 10
A11: Corridor | B11: 0 | C11: 0.3 | D11: 0 | E11: 0 | F11: 10
A12: Reception | B12: 30 | C12: 0.3 | D12: 2.5 | F12: 10
A13: mechanical/maintenance room | C13: 0.3 | F13: 10
A14: Meeting room | B14: 50 | C14: 0.3 | D14: 2.5 | F14: 10
A15: Bedroom | B15: 10 | C15: 0.3 | D15: 2.5 | F15: 10
A16: Locker room | E16: 1.25 | F16: 10
A17: Lobbies | B17: 10 | C17: 0.3 | D17: 2.5 | E17: 0 | F17: 10
A18: Trash | E18: 5 | F18: 0

Sheet Sheet2
B1: Unit Name | C1: Air Flow L/s | D1: Capacity at at 24C / 17C WB SL KW
B2: FXSQ20A | C2: 150 | D2: 1.5
B3: FXSQ25A | C3: 150 | D3: 1.8
B4: FXSQ32A | C4: 158 | D4: 2.4
B5: FXSQ40A | C5: 250 | D5: 3
B6: FXSQ50A | C6: 253 | D6: 3.7
B7: FXSQ63A | C7: 350 | D7: 4.6
B8: FXSQ80A | C8: 383 | D8: 5.8
B9: FXSQ100A | C9: 533 | D9: 7.4
B10: FXSQ125A | C10: 600 | D10: 9.1
B11: FXSQ140A | C11: 650 | D11: 10.5
